,,,,,,,,,,,,,,,,,,,
,Test Case 수,,TC Total 수,Pass,Fail,Block,NI,Incomplete,실 시나리오 카운트,,,,,,,,,,
,count,212,424,0,0,0,5,419,212,,,,,,,Progress Rate,1.89%,0.47%,
,progress,,100.00%,0.00%,0.00%,0.00%,1.18%,98.82%,,,,,,,,Pass Rate,0.00%,0.00%,
,,,,,,,,,,,,,,,,,,,
,[ WEB ] TestCase,,,,,,,,,,,,,,,,,,
,,,,,,,,,,,,,,,,,,,
,No,1 Depth,2 Depth,3 Depth,4 Depth,5 Depth,Test DATA,Pre-Condition,Test Procedure *옵션,Expected Result,JIRA,OS,A/W,Priority,Final Result,Final Result,MW,PCW,Comment
,,,,,,,,,,,OS,,,,MW,PCW,,,
,,,,,,,,,,,단말,,,,,,,,
,,,,,,,,,,,이름,,,,,,,,
,1,공통,서비스 접속,,,,,,1. qa.tapas.io 도메인 진입,"1. 타파스 웹 정상 진입된다.
- 하기 구성 노출 확인
- 대메뉴 : Tapas 로고 + Home, Comics, Novels, Community, Mature, More
- 미로그인 : 검색 / 프로필 버튼
- 로그인 검색 / 인박스 / 라이브러리 /프로필 버튼",,공통,W,P0,,,,,
,2,공통,회원 가입,이메일,,,,,"1. GNB > Login 클릭
2. [Sign up] 버튼 클릭
3. 신규 Email 계정 입력 > [Sign up] 클릭
4. 성인 기준으로 연령 세팅 
5. [Submit] 버튼 클릭

[Mweb]
1. GNB > Profile 아이콘 클릭
2. [sign up] 버튼 클릭
3. 신규 Email 계정 입력 > [Sign up] 클릭
4. 성인 기준으로 연령 세팅 
5. [Submit] 버튼 클릭","1. 로그인 유도 창으로 이동된다.
2. Email 회원가입 유도 창으로 이동된다.
3. 연령 인증 화면이 노출된다.
4. 세팅한 생년월일이 필드에 반영되어 노출된다.
5. 회원가입 완료되며  유저홈 화면으로 이동된다.

[Mweb]
1. 로그인 유도 창으로 이동된다.
2. Email 회원가입 유도 창으로 이동된다.
3. 연령 인증 화면이 노출된다.
4. 세팅한 생년월일이 필드에 반영되어 노출된다.
5. 회원가입 완료되며  Edit profile  화면으로 이동된다.",,공통,W,P0,,,,,
,3,공통,회원 가입,Facebook,,,,,"1. GNB > Login 클릭
2. [Or log in with Facebook or Google] 클릭
3. {Continue with Facebook} 버튼 클릭
4. 신규 페이스북 계정 입력
5. 성인 기준으로 연령 세팅
6. [Submit] 버튼 클릭

[Mweb]
1. GNB > Profile 아이콘 클릭
2. {Continue with Facebook} 버튼 클릭
3. 신규 페이스북 계정 입력
4. 성인 기준으로 연령 세팅
5. [Submit] 버튼 클릭","1. 로그인 유도 창으로 이동된다.
2. 구글 / 페이스북 로그인 유도 창으로 이동된다.
3. 페이스북 로그인 팝업창이 열린다.
4. 연령 인증 화면이 노출된다.
5. 세팅한 생년월일이 필드에 반영되어 노출된다.
6. 회원가입 완료되며  Edit profile  화면으로 이동된다.

[Mweb]
1. 로그인 유도 창으로 이동된다.
2. 페이스북 로그인 팝업창이 열린다.
3. 연령 인증 화면이 노출된다.
4. 세팅한 생년월일이 필드에 반영되어 노출된다.
5. 회원가입 완료되며 Edit profile 화면으로 이동된다.",,공통,W,P0,,,,,
,4,공통,회원 가입,Google,,,,,"1. GNB > Login 클릭
2. [Or log in with Facebook or Google] 클릭
3. {Continue with Google}  버튼 클릭
4. 신규 구글 계정 입력
5. 성인 기준으로 연령 세팅 
6. [Submit] 버튼 클릭

[Mweb]
1. GNB > Profile 아이콘 클릭
2. {Continue with Google} 버튼 클릭
3. 신규 구글 계정 입력
4. 성인 기준으로 연령 세팅
5. [Submit] 버튼 클릭","1. 로그인 유도 창으로 이동된다.
2. 구글 / 페이스북 로그인 유도 창으로 이동된다.
3. 구글 로그인 팝업창이 열린다.
4. 연령 인증 화면이 노출된다.
5. 세팅한 생년월일이 필드에 반영되어 노출된다.
6. 회원가입 완료되며  Edit profile  화면으로 이동된다.

[Mweb]
1. 로그인 유도 창으로 이동된다.
2. 구글 로그인 팝업창이 열린다.
3. 연령 인증 화면이 노출된다.
4. 세팅한 생년월일이 필드에 반영되어 노출된다.
5. 회원가입 완료되며 Edit profile 화면으로 이동된다.",,공통,W,P0,,,,,
,5,공통,로그인,Facebook,,,,기로그인한 페이스북 계정 있는 경우,"1. GNB > Login 클릭
2. [Or log in with Facebook or Google] 클릭
3. {Continue with Facebook} 버튼 클릭
4. 페이스북 로그인 팝업창 > 로그인 시도

[Mweb]
1. GNB > Profile 아이콘 클릭
2. {Continue with Facebook} 버튼 클릭
3. 페이스북 로그인 팝업창 > 로그인 시도","1. 로그인 유도 화면이 노출된다.
2. 구글 / 페이스북 로그인 유도 창으로 이동된다.
3. 페이스북 로그인 팝업창이 열린다.
4. 로그인 완료되며 홈 화면으로 이동된다.

[Mweb]
1. 로그인 유도 창으로 이동된다.
2. 페이스북 로그인 팝업창이 노출된다.
3. 로그인 완료되며 홈 화면으로 이동된다.",,공통,W,P0,,,,,
,6,공통,로그인,Google,,,,기로그인한 구글 계정 있는 경우,"1. GNB > Login 클릭
2. [Or log in with Facebook or Google] 클릭
3. {Continue with Google} 버튼 클릭
4. 구글 로그인 팝업창 > 로그인 시도

[Mweb]
1. GNB > Profile 아이콘 클릭
2. {Continue with Google} 버튼 클릭
3. 구글 로그인 팝업창 > 로그인 시도","1. 로그인 유도 화면이 노출된다.
2. 구글 / 페이스북 로그인 유도 창으로 이동된다.
3. 구글 로그인 팝업창이 열린다.
4. 로그인 완료되며 홈 화면으로 이동된다.

[Mweb]
1. 로그인 유도 창으로 이동된다.
2. 구글 로그인 화면이 노출된다.
3. 로그인 완료되며 홈 화면으로 이동된다.",,공통,W,P0,,,,,
,7,공통,로그인,이메일,로그인 화면 진입,,,,"1. GNB > Login 클릭

[Mweb]
1. GNB > Profile 아이콘 클릭
2. [Log in] 버튼 클릭","1. 로그인 유도 창으로 이동된다.

[Mweb]
1. 로그인 유도 창으로 이동된다.
2. Email 로그인 유도 화면으로 이동된다.",,공통,W,P0,,,,,
,8,공통,로그인,이메일,로그인 실패,,,,"1. GNB > Login 클릭
2. 미가입된 이메일 계정/비밀번호 입력 후 Sign up 버튼 클릭

[Mweb]
1. GNB > Profile 아이콘 클릭
2. [Log in] 버튼 클릭
3. 미가입된 이메일 계정/비밀번호 입력 후 Sign up 버튼 클릭","1. 로그인 유도 창으로 이동된다.
2. 로그인되지 않으며 오류 메세지 노출되고 화면 유지된다.

[Mweb]
1. 로그인 유도 창으로 이동된다.
2. Email 로그인 유도 화면으로 이동된다
3. 로그인되지 않으며 오류 메세지 노출되고 화면 유지된다.",,공통,W,P0,,,,,
,9,공통,로그인,이메일,로그인 성공,,,,"1. GNB > Login 클릭
2. Email 계정 입력 > Login 클릭

[Mweb]
1. GNB > Profile 아이콘 클릭
2. [Log in] 버튼 클릭
3. Email 계정 입력 > Login 클릭","1. 로그인 유도 창으로 이동된다.
2. 로그인 완료되며 홈 화면으로 이동된다.

[Mweb]
1. 로그인 유도 창으로 이동된다.
2. Email 로그인 유도 화면으로 이동된다.
3. 로그인 완료되며 홈 화면으로 이동된다.",,공통,W,P0,,,,,
,10,공통,탈퇴,,,,,,"1. GNB > Profile 클릭
2. [Settings] 클릭
3. 하단 Delete account 클릭
4. Delete account 화면 > Delete account 클릭
5. 비밀번호 검증 팝업 > 비밀번호 정상 입력 후 Delete account 클릭","1. 하위 메뉴 노출된다.
2. Edit Profile 화면에 진입된다.
3. Delete account 안내 화면으로 이동된다. 
4. 비밀번호 검증 팝업이 노출된다.
5. 정상적으로 로그아웃 및 계정 탈퇴되며 홈 화면으로 이동된다. ",,공통,W,P0,,,,,
,11,홈,Shortcut,,,,,로그인 상태,"1. 타파스 홈 진입
2. 숏컷 영역 노출 확인","1. 홈화면의 첫 번째 서브탭으로 진입된다.
2. 숏컷 영역에 Library, Inbox, Publish, 검색 아이콘 노출된다.
(작가인 경우 Dashboard 노출)",,공통,W,P0,,,,,
,12,홈,Shortcut,,,,,미로그인 상태,"1. 타파스 홈 진입
2. 숏컷 영역 노출 확인","1. 홈화면의 첫 번째 서브탭으로 진입된다.
2. 숏컷 영역에 
[PCW] 검색 필드, 로그인, Publish 버튼이 노출된다.
[MW] 검색, 프로필 버튼이 노출된다.",,공통,W,P0,,,,,
,13,홈,Shortcut,검색 아이콘,,,,,"1. 검색 필드 클릭
2. 검색어 입력란 > {키워드} 입력
3. 검색 결과 화면 확인
4. 작품 클릭
5. 작품홈 > 상단네비바 [<] 또는 단말 백버튼 클릭
6. 검색 결과 화면 > [Cancel] 버튼 또는 단말 백버튼 클릭","1. 검색 화면으로 이동된다.
2. 검색 결과 화면이 노출된다. 
ㄴ Comics/Novels/People/Tags 탭 노출
3. {작품명} 작품이 조회된다.
4. {작품명} 작품홈으로 이동된다.
5. 검색 결과 화면으로 돌아온다.
6. 홈화면으로 돌아온다.",,공통,W,P0,,,,,
,14,홈,"Spotlight
(섹션 서브탭)",프로모션 배너,,,,,"1. {Spotlight} 서브탭 클릭
2. 프로모션 배너 섹션 노출 확인
3. 프로모션 배너 클릭","1. Spotlight 서브탭 화면이 노출된다.
2. 프로모션 배너 이미지 및 배너 텍스트가 정상 노출된다.
3. 설정된 랜딩타겟으로 이동된다.",,공통,W,P0,,,,,
,15,홈,"Spotlight
(섹션 서브탭)",Top 섹션,빅배너,,,,1. Top 섹션 > 빅배너 노출 영역 확인,"1. 빅배너 설정에 맞게 정상 노출된다.
ㄴ 이미지,타이틀, BM/신작/연령/이벤트 뱃지",,공통,W,P0,,,,,
,16,홈,"Spotlight
(섹션 서브탭)",Top 섹션,빅배너,,,,"1. 빅배너 영역에서 8초 이상 대기
2. 빅배너 좌로 스와이프
3. 빅배너 우로 스와이프","1. 다음 빅배너로 자동 스와이프된다.
2. 이전 빅배너로 스와이프되며 상단 인디케이터도 순서에 맞게 노출된다.
3. 다음 빅배너로 스와이프되며 상단 인디케이터도 순서에 맞게 노출된다.",,공통,W,P0,,,,,
,17,홈,"Spotlight
(섹션 서브탭)",Top 섹션,빅배너,,,,"1. 빅배너 클릭
2. 상단네비바 [<] 또는 단말 백버튼 클릭","1. 빅배너 랜딩타겟으로 이동된다.
3. 이전 화면으로 돌아온다. (홈)",,공통,W,P0,,,,,
,18,홈,"Spotlight
(섹션 서브탭)",Top 섹션,카드배너,,,,"1. Top 섹션 > 카드배너 노출 확인
exc) 카드배너 영역 가려진 상태라면 노출될 때까지 스크롤 후 확인
2. 카드배너 클릭
3. 상단네비바 [<] 또는 단말 백버튼 클릭","1. 카드배너 설정에 맞게 정상 노출된다.
ㄴ 이미지,타이틀, BM/신작/연령/이벤트 뱃지
2. 카드배너 랜딩타겟으로 이동된다.
3. 이전 화면으로 돌아온다. (홈)",,공통,W,P0,,,,,
,19,홈,"Spotlight
(섹션 서브탭)",라인배너 섹션,,,,,"1. 라인배너 섹션 노출 확인
2. 라인배너 클릭
3. 상단네비바 [<] 또는 단말 백버튼 클릭","1. 라인배너 이미지 및 배너 텍스트 노출된다.
2. 설정된 랜딩타겟으로 이동된다.
3. 이전 화면으로 돌아온다. (홈)",,공통,W,P0,,,,,
,20,홈,"Spotlight
(섹션 서브탭)",최근 본 작품 섹션,,,,,1. 섹션 노출 확인,1. 최근 본 작품 노출된다.,,공통,W,P0,,,,,
,21,홈,"Spotlight
(섹션 서브탭)",배너 섹션,,,,,"1. 섹션 노출 확인
2. 배너 클릭
3. 상단네비바 [<] 또는 단말 백버튼 클릭","1. 운영툴에 세팅된 배너 섹션 영역이 노출되고 배너 설정에 맞게 정상 노출된다.
ㄴ 이미지,타이틀, BM/신작/연령/이벤트 뱃지
2. 배너 랜딩타겟으로 이동된다.
3. 홈화면으로 돌아온다.",,공통,W,P0,,,,,
,22,홈,"Spotlight
(섹션 서브탭)",랭킹 섹션,,,,,"1. 섹션메뉴 노출 확인
2. 더보기(>) 영역 클릭
3. 상단네비바 [<] 또는 단말 백버튼 클릭","1. 각 섹션 메뉴 작품 노출된다.
2. 랭킹 고정 랜딩리스트로 이동된다.
3. 홈화면으로 돌아온다.",,공통,W,P0,,,,,
,23,홈,"Spotlight
(섹션 서브탭)",테마 섹션,,,,,"1. 섹션 노출 확인
2. 더보기(>) 영역 클릭
3. 상단네비바 [<] 또는 단말 백버튼 클릭","1. 운영툴에 세팅된 배너 섹션 영역이 노출되고 운영 중인 카드뷰가 노출된다.
2. 섹션 랜딩리스트 진입되고, 전체 작품 노출된다.
3. 홈화면으로 돌아온다.",,공통,W,P0,,,,,
,24,홈,"Daily
(요일연재 랜딩 서브탭)",,,,,,"1. {Daily} 서브탭 클릭
2. 상단 대분류 카테고리 필터 노출 확인
3. 작품 리스트 확인
4. 요일별 클릭
5. 대분류 카테고리 필터 > Novels 클릭","1. Daily 서브탭이 활성화되며 디바이스 시간(요일)에 맞는 요일이 디폴트 선택되어 노출된다. 
2. Comics/Novels 대분류 필터 노출되며 Comics 탭이 디폴트로 활성화되어 있다.
3. Comic 작품이 활성화된 연재 요일에 맞게 노출된다.
4. 변경된 요일 탭에 맞는 작품이 노출된다.
5. Novels 탭이 활성화되며 작품 리스트에 현재 선택된 요일에 해당하는 Novle 작품들이 노출된다.",,공통,W,P0,,,,,
,25,홈,"Free Access
(섹션 서브탭)",,,,,,1. Home > Free Access 서브탭 클릭,"1. Free Access 서브탭에 설정된 빅배너가 노출된다.
2. Free Access 서브탭에 설정된 카드배너가 노출된다.
3. Free Access 서브탭에 설정된 섹션이 노출된다.",,공통,W,P0,,,,,
,26,홈,"New
(신작 랜딩 서브탭)",,,,,,"1. {New} 서브탭 클릭
exc) 서브탭 영역 가려진 경우 노출될 때까지 스크롤 후 클릭
2. 상단 대분류 카테고리 필터 노출 확인
3. 작품 리스트 확인
4. 대분류 카테고리 필터 > Novels 클릭","1. New 서브탭이 활성화된다.
2. Comics/Novels 대분류 필터 노출되며 Comics 탭이 디폴트로 활성화되어 있다.
3. Comic 작품들의 신작 리스트가 노출된다.
ㄴ 투데이 ~ 한 달 전, 날짜별 해당일에 등록된 신작
ㄴ 해당일에 신작 없을 경우 날짜 미노출
4. Novels 탭이 활성화되며 Novel에 해당하는 작품들만 노출된다.",,공통,W,P0,,,,,
,27,홈,"Popular
(랭킹 랜딩 서브탭)",,,,,,"1. {Popular} 서브탭 클릭
exc) 서브탭 영역 가려진 경우 노출될 때까지 스크롤 후 클릭
2. 상단 대분류 카테고리 필터 노출 확인
3. 작품 리스트 확인
4. 대분류 카테고리 필터 > Novels 클릭","1. Popular 서브탭이 활성화된다.
2. Comics/Novels 대분류 필터 노출되며 Comics 탭이 디폴트로 활성화되어 있다.
3. Comic 작품이 300위까지 노출된다.
4. Novels 탭이 활성화되며 Novel에 해당하는 작품으로 노출된다.",,공통,W,P0,,,,,
,28,홈,"WUF
(섹션 서브탭)",,,,,,1. Home > WUF 서브탭 클릭,"1. WUF 서브탭에 설정된 빅배너가 노출된다.
2. WUF 서브탭에 설정된 카드배너가 노출된다.
3. WUF 서브탭에 설정된 섹션이 노출된다.",,공통,W,P1,,,,,
,29,홈,"Completed
(섹션 서브탭)",,,,,,1. Home > Completed 서브탭 클릭,"1. Completed 서브탭에 설정된 빅배너가 노출된다.
2. Completed 서브탭에 설정된 카드배너가 노출된다.
3. Completed 서브탭에 설정된 섹션이 노출된다.",,공통,W,P1,,,,,
,30,"홈
(Comics)",진입,,,,"QA : spotlight
Prod : Daily",,1. 대메뉴 > Comics 카테고리 클릭,1. Comics 홈화면의 첫 번째 서브탭으로 진입된다. ,,공통,W,P1,,,,,
,31,"홈
(Comics)","Spotlight
(섹션 서브탭)",프로모션 배너,,,,,"1. 프로모션 배너 섹션 노출 확인
2. 프로모션 배너 클릭","1. 프로모션 배너 이미지 및 배너 텍스트가 정상 노출된다.
2. 설정된 랜딩타겟으로 이동된다.",,공통,W,P1,,,,,
,32,"홈
(Comics)","Spotlight
(섹션 서브탭)",Top 섹션,빅배너,,,,1. Top 섹션 > 빅배너 노출 영역 확인,"1. 빅배너 설정에 맞게 정상 노출된다.
ㄴ 이미지,타이틀, BM/신작/연령/이벤트 뱃지",,공통,W,P1,,,,,
,33,"홈
(Comics)","Spotlight
(섹션 서브탭)",Top 섹션,빅배너,,,,"1. 빅배너 영역에서 8초 이상 대기
2. 빅배너 좌로 스와이프
3. 빅배너 우로 스와이프","1. 다음 빅배너로 자동 스와이프된다.
2. 이전 빅배너로 스와이프되며 상단 인디케이터도 순서에 맞게 노출된다.
3. 다음 빅배너로 스와이프되며 상단 인디케이터도 순서에 맞게 노출된다.",,공통,W,P1,,,,,
,34,"홈
(Comics)","Spotlight
(섹션 서브탭)",Top 섹션,빅배너,,,,"1. 빅배너 클릭
2. 상단네비바 [<] 또는 단말 백버튼 클릭","1. 빅배너 랜딩타겟으로 이동된다.
3. 이전 화면으로 돌아온다. (Comics 홈)",,공통,W,P1,,,,,
,35,"홈
(Comics)","Spotlight
(섹션 서브탭)",Top 섹션,카드배너,,,,"1. Top 섹션 > 카드배너 노출 확인
exc) 카드배너 영역 가려진 상태라면 노출될 때까지 스크롤 후 확인
2. 카드배너 클릭
3. 상단네비바 [<] 또는 단말 백버튼 클릭","1. 카드배너 설정에 맞게 정상 노출된다.
ㄴ 이미지,타이틀, BM/신작/연령/이벤트 뱃지
2. 카드배너 랜딩타겟으로 이동된다.
3. 이전 화면으로 돌아온다. (Comics 홈)",,공통,W,P1,,,,,
,36,"홈
(Comics)","Spotlight
(섹션 서브탭)",라인배너 섹션,,,,,"1. 라인배너 섹션 노출 확인
2. 라인배너 클릭
3. 상단네비바 [<] 또는 단말 백버튼 클릭","1. 라인배너 이미지 및 배너 텍스트 노출된다.
2. 설정된 랜딩타겟으로 이동된다.
3. 이전 화면으로 돌아온다. (Comics 홈)",,공통,W,P1,,,,,
,37,"홈
(Comics)","Spotlight
(섹션 서브탭)",Section Menu,,,,,"1. 섹션메뉴 노출 확인
2. 더보기(>) 영역 클릭","1. 각 섹션 메뉴 작품 노출된다.
2. 섹션 랜딩리스트 진입되고, 전체 작품 노출된다.",,공통,W,P1,,,,,
,38,"홈
(Comics)","Daily
(요일연재 랜딩 서브탭)",,,,,,"1. {Daily} 서브탭 클릭
2. 상단 대분류 카테고리 필터 노출 확인
3. 작품 리스트 확인
4. 요일별 클릭","1. Daily 서브탭이 활성화되며 디바이스 시간(요일)에 맞는 요일이 디폴트 선택되어 노출된다. 
2. 상단 대분류 필터 영역이 노출되지 않는다.
3. Comic 작품이 연재 요일에 맞게 노출된다. Novels 작품은 노출되지 않는다.
4. 변경된 요일 탭에 맞는 Comic 작품이 노출된다.",,공통,W,P1,,,,,
,39,"홈
(Comics)","All Comics
(장르전체 랜딩 서브탭)",,,,,,"1. {All Comics} 서브탭 클릭
2. 정렬/필터 노출 확인
3. 작품 리스트 확인","1.  {All Comics} 서브탭이 활성화된다.
2. 상단에 장르 선택 필터와 정렬 옵션 변경 영역이 노출된다.
ㄴ 디폴트 : 장르 - ALL, 정렬 - Popular
3. Comic 작품의 모든 장르에 해당하는 작품이 노출된다.",,공통,W,P0,,,,,
,40,"홈
(Comics)","All Comics
(장르전체 랜딩 서브탭)",,,,,,"1. 장르 선택 필터 버튼 클릭
2. 장르 선택 팝업 > {장르명} 선택 후 Confirm 버튼 클릭","1. 장르 선택 팝업이 노출된다.
2. 팝업이 닫히고 작품 리스트가 갱신되며 필터된 장르의 작품만 노출된다.",,공통,W,P0,,,,,
,41,"홈
(Comics)","All Comics
(장르전체 랜딩 서브탭)",,,,,,"1. 정렬 옵션 변경 버튼 클릭
2. 정렬 선택 팝업 > {정렬값} 선택 후 Confirm 버튼 클릭","1. 정렬 선택 팝업이 노출된다.
2. 팝업이 닫히고 작품 리스트가 갱신되며 선택한 정렬 순으로 작품 리스트가 노출된다.",,공통,W,P0,,,,,
,42,"홈
(Comics)","{장르}
(랭킹 랜딩 서브탭)",,,,,,"1. {장르명} 서브탭 클릭
exc) 서브탭 영역 가려진 경우 노출될 때까지 스크롤 후 클릭
2. 상단 대분류 카테고리 필터 노출 확인
3. 작품 리스트 확인","1. {장르명} 서브탭이 활성화된다.
2. 상단 대분류 필터 영역이 노출되지 않는다.
3. 해당 장르의 Comic 작품이 300위까지 노출된다.",,공통,W,P0,,,,,
,43,"홈
(Novels)",진입,,,,"QA : spotlight
Prod : Daily",,1. 대메뉴 > Novels 카테고리 클릭,1. Novels 홈화면의 첫 번째 서브탭으로 진입된다.,,공통,W,P1,,,,,
,44,"홈
(Novels)","Spotlight
(섹션 서브탭)",프로모션 배너,,,,,"1. 프로모션 배너 섹션 노출 확인
2. 프로모션 배너 클릭","1. 프로모션 배너 이미지 및 배너 텍스트가 정상 노출된다.
2. 설정된 랜딩타겟으로 이동된다.",,공통,W,P1,,,,,
,45,"홈
(Novels)","Spotlight
(섹션 서브탭)",Top 섹션,빅배너,,,,1. Top 섹션 > 빅배너 노출 영역 확인,"1. 빅배너 설정에 맞게 정상 노출된다.
ㄴ 이미지,타이틀, BM/신작/연령/이벤트 뱃지",,공통,W,P1,,,,,
,46,"홈
(Novels)","Spotlight
(섹션 서브탭)",Top 섹션,빅배너,,,,"1. 빅배너 영역에서 8초 이상 대기
2. 빅배너 좌로 스와이프
3. 빅배너 우로 스와이프","1. 다음 빅배너로 자동 스와이프된다.
2. 이전 빅배너로 스와이프되며 상단 인디케이터도 순서에 맞게 노출된다.
3. 다음 빅배너로 스와이프되며 상단 인디케이터도 순서에 맞게 노출된다.",,공통,W,P1,,,,,
,47,"홈
(Novels)","Spotlight
(섹션 서브탭)",Top 섹션,빅배너,,,,"1. 빅배너 클릭
2. 상단네비바 [<] 또는 단말 백버튼 클릭","1. 빅배너 랜딩타겟으로 이동된다.
3. 이전 화면으로 돌아온다. (Novels 홈)",,공통,W,P1,,,,,
,48,"홈
(Novels)","Spotlight
(섹션 서브탭)",Top 섹션,카드배너,,,,"1. Top 섹션 > 카드배너 노출 확인
exc) 카드배너 영역 가려진 상태라면 노출될 때까지 스크롤 후 확인
2. 카드배너 클릭
3. 상단네비바 [<] 또는 단말 백버튼 클릭","1. 카드배너 설정에 맞게 정상 노출된다.
ㄴ 이미지,타이틀, BM/신작/연령/이벤트 뱃지
2. 카드배너 랜딩타겟으로 이동된다.
3. 이전 화면으로 돌아온다. (Novels 홈)",,공통,W,P1,,,,,
,49,"홈
(Novels)","Spotlight
(섹션 서브탭)",라인배너 섹션,,,,,"1. 라인배너 섹션 노출 확인
2. 라인배너 클릭
3. 상단네비바 [<] 또는 단말 백버튼 클릭","1. 라인배너 이미지 및 배너 텍스트 노출된다.
2. 설정된 랜딩타겟으로 이동된다.
3. 이전 화면으로 돌아온다. (Novels 홈)",,공통,W,P1,,,,,
,50,"홈
(Novels)","Spotlight
(섹션 서브탭)",Section Menu,,,,,"1. 섹션메뉴 노출 확인
2. 더보기[>] 영역 클릭","1. 각 섹션 메뉴 작품 노출된다.
2. 섹션 랜딩리스트 진입되고, 전체 작품 노출된다.",,공통,W,P1,,,,,
,51,"홈
(Novels)","Daily
(요일연재 랜딩 서브탭)",,,,,,"1. Daily 서브탭 클릭
2. 상단 대분류 카테고리 필터 노출 확인
3. 작품 리스트 확인
4. 요일별 클릭","1. Daily 서브탭이 활성화되며 디바이스 시간(요일)에 맞는 요일이 디폴트 선택되어 노출된다. 
2. 상단 대분류 필터 영역이 노출되지 않는다.
3. Novel 작품이 연재 요일에 맞게 노출된다. Comics 작품은 노출되지 않는다.
4. 변경된 요일 탭에 맞는 Novel 작품이 노출된다.",,공통,W,P1,,,,,
,52,"홈
(Novels)","Popular
(랭킹 랜딩 서브탭)",,,,,,"1. {Popular} 서브탭 클릭
exc) 서브탭 영역 가려진 경우 노출될 때까지 스크롤 후 클릭
2. 상단 대분류 카테고리 필터 노출 확인
3. 작품 리스트 확인","1. Popular 서브탭이 활성화된다.
2. Comics/Novels 대분류 필터 노출되지 않는다.
3. Novels 작품이 300위까지 노출된다.",,공통,W,P0,,,,,
,53,"홈
(Novels)","All Novels
(장르전체 랜딩 서브탭)",,,,,,"1. All Novels 서브탭 클릭
2. 정렬/필터 노출 확인
3. 작품 리스트 확인","1.  {All Novels} 서브탭이 활성화된다.
2. 상단에 장르 선택 필터와 정렬 옵션 변경 영역이 노출된다.
ㄴ 디폴트 : 장르 - ALL, 정렬 - Popular
3. Novel 작품의 모든 장르에 해당하는 작품이 노출된다.",,공통,W,P0,,,,,
,54,"홈
(Novels)","All Novels
(장르전체 랜딩 서브탭)",,,,,,"1. 장르 선택 필터 버튼 클릭
2. 장르 선택 팝업 > {장르명} 선택 후 Confirm 버튼 클릭","1. 장르 선택 팝업이 노출된다.
2. 팝업이 닫히고 작품 리스트가 갱신되며 필터된 장르의 작품만 노출된다.",,공통,W,P0,,,,,
,55,"홈
(Novels)","All Novels
(장르전체 랜딩 서브탭)",,,,,,"1. 정렬 옵션 변경 버튼 클릭
2. 정렬 선택 팝업 > {정렬값} 선택 후 Confirm 버튼 클릭","1. 정렬 선택 팝업이 노출된다.
2. 팝업이 닫히고 작품 리스트가 갱신되며 선택한 정렬 순으로 작품 리스트가 노출된다.",,공통,W,P0,,,,,
,56,"홈
(Community)",진입,,,,,,1. GNB > Community 클릭,1. Community 홈화면의 첫 번째 서브탭으로 진입된다.,,공통,W,P1,,,,,
,57,"홈
(Community)","Spotlight
(섹션 서브탭)",프로모션 배너,,,,,"1. 프로모션 배너 섹션 노출 확인
2. 프로모션 배너 클릭","1. 프로모션 배너 이미지 및 배너 텍스트가 정상 노출된다.
2. 설정된 랜딩타겟으로 이동된다.",,공통,W,P1,,,,,
,58,"홈
(Community)","Spotlight
(섹션 서브탭)",Top 섹션,빅배너,,,,1. Top 섹션 > 빅배너 노출 영역 확인,"1. 빅배너 설정에 맞게 정상 노출된다.
ㄴ 이미지,타이틀, BM/신작/연령/이벤트 뱃지",,공통,W,P1,,,,,
,59,"홈
(Community)","Spotlight
(섹션 서브탭)",Top 섹션,빅배너,,,,"1. 빅배너 영역에서 8초 이상 대기
2. 빅배너 좌로 스와이프
3. 빅배너 우로 스와이프","1. 다음 빅배너로 자동 스와이프된다.
2. 이전 빅배너로 스와이프되며 상단 인디케이터도 순서에 맞게 노출된다.
3. 다음 빅배너로 스와이프되며 상단 인디케이터도 순서에 맞게 노출된다.",,공통,W,P1,,,,,
,60,"홈
(Community)","Spotlight
(섹션 서브탭)",Top 섹션,빅배너,,,,"1. 빅배너 클릭
2. 상단네비바 [<] 또는 단말 백버튼 클릭","1. 빅배너 랜딩타겟으로 이동된다.
3. 이전 화면으로 돌아온다. (Community 홈)",,공통,W,P1,,,,,
,61,"홈
(Community)","Spotlight
(섹션 서브탭)",Top 섹션,카드배너,,,,"1. Top 섹션 > 카드배너 노출 확인
exc) 카드배너 영역 가려진 상태라면 노출될 때까지 스크롤 후 확인
2. 카드배너 클릭
3. 상단네비바 [<] 또는 단말 백버튼 클릭","1. 카드배너 설정에 맞게 정상 노출된다.
ㄴ 이미지,타이틀, BM/신작/연령/이벤트 뱃지
2. 카드배너 랜딩타겟으로 이동된다.
3. 이전 화면으로 돌아온다. (Community 홈)",,공통,W,P1,,,,,
,62,"홈
(Community)","Spotlight
(섹션 서브탭)",라인배너 섹션,,,,,"1. 라인배너 섹션 노출 확인
2. 라인배너 클릭
3. 상단네비바 [<] 또는 단말 백버튼 클릭","1. 라인배너 이미지 및 배너 텍스트 노출된다.
2. 설정된 랜딩타겟으로 이동된다.
3. 이전 화면으로 돌아온다. (Community 홈)",,공통,W,P1,,,,,
,63,"홈
(Community)","Spotlight
(섹션 서브탭)",Section Menu,,,,,"1. 섹션메뉴 노출 확인
2. 더보기[>] 영역 클릭","1. 각 섹션 메뉴 작품 노출된다.
2. 섹션 랜딩리스트 진입되고, 전체 작품 노출된다.",,공통,W,P1,,,,,
,64,"홈
(Community)","Comics
(장르전체 랜딩 서브탭)",,,,,,"1. Comics 서브탭 클릭
2. 정렬/필터 노출 확인
3. 작품 리스트 확인","1.  Comics 서브탭이 활성화된다.
2. 상단에 장르 선택 필터와 정렬 옵션 변경 영역이 노출된다.
ㄴ 디폴트 : 장르 - ALL, 정렬 - Popular
3. Community Comic 작품의 모든 장르에 해당하는 작품이 노출된다.",,공통,W,P0,,,,,
,65,"홈
(Community)","Comics
(장르전체 랜딩 서브탭)",,,,,,"1. 장르 선택 필터 버튼 클릭
2. 장르 선택 팝업 > {장르명} 선택 후 Confirm 버튼 클릭","1. 장르 선택 팝업이 노출된다.
2. 팝업이 닫히고 작품 리스트가 갱신되며 필터된 장르의 작품만 노출된다.",,공통,W,P0,,,,,
,66,"홈
(Community)","Comics
(장르전체 랜딩 서브탭)",,,,,,"1. 정렬 옵션 변경 버튼 클릭
2. 정렬 선택 팝업 > {정렬값} 선택 후 Confirm 버튼 클릭","1. 정렬 선택 팝업이 노출된다.
2. 팝업이 닫히고 작품 리스트가 갱신되며 선택한 정렬 순으로 작품 리스트가 노출된다.",,공통,W,P0,,,,,
,67,"홈
(Community)","Novels
(장르전체 랜딩 서브탭)",,,,,,"1. Novels 서브탭 클릭
2. 정렬/필터 노출 확인
3. 작품 리스트 확인","1.  Novels 서브탭이 활성화된다.
2. 상단에 장르 선택 필터와 정렬 옵션 변경 영역이 노출된다.
ㄴ 디폴트 : 장르 - ALL, 정렬 - Popular
3. Community Novel 작품의 모든 장르에 해당하는 작품이 노출된다.",,공통,W,P0,,,,,
,68,"홈
(Community)","Novels
(장르전체 랜딩 서브탭)",,,,,,"1. 장르 선택 필터 버튼 클릭
2. 장르 선택 팝업 > {장르명} 선택 후 Confirm 버튼 클릭","1. 장르 선택 팝업이 노출된다.
2. 팝업이 닫히고 작품 리스트가 갱신되며 필터된 장르의 작품만 노출된다.",,공통,W,P0,,,,,
,69,"홈
(Community)","Novels
(장르전체 랜딩 서브탭)",,,,,,"1. 정렬 옵션 변경 버튼 클릭
2. 정렬 선택 팝업 > {정렬값} 선택 후 Confirm 버튼 클릭","1. 정렬 선택 팝업이 노출된다.
2. 팝업이 닫히고 작품 리스트가 갱신되며 선택한 정렬 순으로 작품 리스트가 노출된다.",,공통,W,P0,,,,,
,70,"홈
(Mature)",진입,,,,"QA : popular
Prod : Spotlight",,1. GNB > mature 클릭,1. mature 홈화면의 첫 번째 서브탭으로 진입된다. ,,공통,W,P1,,,,,
,71,"홈
(Mature)","Spotlight
(섹션 서브탭)",미로그인 / 미인증,,,QA환경 : 4번째 서브탭(All Geners),미로그인 / 미인증 상태,"1. 미로그인 / 미인증 아이디 로그인 상태
2. GNB > mature 클릭",1. mature 작품이 M 뱃지와 함께 딤드되어 노출된다.,,공통,W,P1,,,,,
,72,"홈
(Mature)","Spotlight
(섹션 서브탭)",미로그인 / 미인증,,,,미로그인 / 미인증 상태,"1. M 뱃지 노출되는 작품 클릭
2. 미성년에 해당되는 연/월/일 입력
3. 성인에 해당되는 연/월/일 입력
4. Submit 버튼 클릭","1. 연령 인증 페이지 랜딩된다.
2. Submit 버튼 비활성화된다.
3. Submit 버튼 활성화된다.
4. 해당 작품홈으로 진입된다.",,공통,W,P1,,,,,
,73,"홈
(Mature)","Spotlight
(섹션 서브탭)",프로모션 배너,,,,,"1. 프로모션 배너 섹션 노출 확인
2. 프로모션 배너 클릭","1. 프로모션 배너 이미지 및 배너 텍스트가 정상 노출된다.
2. 설정된 랜딩타겟으로 이동된다.",,공통,W,P1,,,,,
,74,"홈
(Mature)","Spotlight
(섹션 서브탭)",Top 섹션,빅배너,,,,1. Top 섹션 > 빅배너 노출 영역 확인,"1. 빅배너 설정에 맞게 정상 노출된다.
ㄴ 이미지,타이틀, BM/신작/연령/이벤트 뱃지",,공통,W,P1,,,,,
,75,"홈
(Mature)","Spotlight
(섹션 서브탭)",Top 섹션,빅배너,,,,"1. 빅배너 영역에서 8초 이상 대기
2. 빅배너 좌로 스와이프
3. 빅배너 우로 스와이프","1. 다음 빅배너로 자동 스와이프된다.
2. 이전 빅배너로 스와이프되며 상단 인디케이터도 순서에 맞게 노출된다.
3. 다음 빅배너로 스와이프되며 상단 인디케이터도 순서에 맞게 노출된다.",,공통,W,P1,,,,,
,76,"홈
(Mature)","Spotlight
(섹션 서브탭)",Top 섹션,빅배너,,,,"1. 빅배너 클릭
2. 상단네비바 [<] 또는 단말 백버튼 클릭","1. 빅배너 랜딩타겟으로 이동된다.
3. 이전 화면으로 돌아온다. (mature 홈)",,공통,W,P1,,,,,
,77,"홈
(Mature)","Spotlight
(섹션 서브탭)",Top 섹션,카드배너,,,,"1. Top 섹션 > 카드배너 노출 확인
exc) 카드배너 영역 가려진 상태라면 노출될 때까지 스크롤 후 확인
2. 카드배너 클릭
3. 상단네비바 [<] 또는 단말 백버튼 클릭","1. 카드배너 설정에 맞게 정상 노출된다.
ㄴ 이미지,타이틀, BM/신작/연령/이벤트 뱃지
2. 카드배너 랜딩타겟으로 이동된다.
3. 이전 화면으로 돌아온다. (mature 홈)",,공통,W,P1,,,,,
,78,"홈
(Mature)","Spotlight
(섹션 서브탭)",라인배너 섹션,,,,,"1. 라인배너 섹션 노출 확인
2. 라인배너 클릭
3. 상단네비바 [<] 또는 단말 백버튼 클릭","1. 라인배너 이미지 및 배너 텍스트 노출된다.
2. 설정된 랜딩타겟으로 이동된다.
3. 이전 화면으로 돌아온다. (mature 홈)",,공통,W,P1,,,,,
,79,"홈
(Mature)","Spotlight
(섹션 서브탭)",Section Menu,,,,,"1. 섹션메뉴 노출 확인
2. 더보기[>] 영역 클릭","1. 각 섹션 메뉴 작품 노출된다.
2. 섹션 랜딩리스트 진입되고, 전체 작품 노출된다.",,공통,W,P1,,,,,
,80,"홈
(Mature)","Daily
(요일연재 랜딩 서브탭)",,,,,,"1. Daily 서브탭 클릭
2. 상단 대분류 카테고리 필터 노출 확인
3. 작품 리스트 확인
4. 요일별 클릭","1. Daily 서브탭이 활성화되며 디바이스 시간(요일)에 맞는 요일이 디폴트 선택되어 노출된다. 
2. 상단 대분류 필터 영역이 노출되지 않는다.
3. Mature 작품이 연재 요일에 맞게 노출된다. 
4. 변경된 요일 탭에 맞는 Mature 작품이 노출된다.",,공통,W,P1,,,,,
,81,"홈
(Mature)","Popular
(랭킹 랜딩 서브탭)",,,,,,"1. {Popular} 서브탭 클릭
exc) 서브탭 영역 가려진 경우 노출될 때까지 스크롤 후 클릭
2. 상단 대분류 카테고리 필터 노출 확인
3. 작품 리스트 확인","1. Popular 서브탭이 활성화된다.
2-1. Comics/Novels 모두 설정된 경우, 대분류 필터가 노출된다.
2-2. Comics/Novels 중 하나만 설정된 경우, 대분류 필터 노출되지 않는다.
 ㄴ SS 서브탭 설정값에 따라 다름
3. Mature 작품이 최대 300위까지 노출된다.",,공통,W,P1,,,,,
,82,"홈
(Mature)","All Comics
(장르전체 랜딩 서브탭)",,,,QA환경 : Comics 탭,,"1. {All Comics} 서브탭 클릭
2. 정렬/필터 노출 확인
3. 작품 리스트 확인","1.  {All Comics} 서브탭이 활성화된다.
2. 상단에 장르 선택 필터와 정렬 옵션 변경 영역이 노출된다.
ㄴ 디폴트 : 장르 - ALL, 정렬 - Popular
3. Mature - Comic 작품의 모든 장르에 해당하는 작품이 노출된다.",,공통,W,P0,,,,,
,83,"홈
(Mature)","All Comics
(장르전체 랜딩 서브탭)",,,,,,"1. 장르 선택 필터 버튼 클릭
2. 장르 선택 팝업 > {장르명} 선택 후 Confirm 버튼 클릭","1. 장르 선택 팝업이 노출된다.
2. 팝업이 닫히고 작품 리스트가 갱신되며 필터된 장르의 작품만 노출된다.",,공통,W,P0,,,,,
,84,"홈
(Mature)","All Comics
(장르전체 랜딩 서브탭)",,,,,,"1. 정렬 옵션 변경 버튼 클릭
2. 정렬 선택 팝업 > {정렬값} 선택 후 Confirm 버튼 클릭","1. 정렬 선택 팝업이 노출된다.
2. 팝업이 닫히고 작품 리스트가 갱신되며 선택한 정렬 순으로 작품 리스트가 노출된다.",,공통,W,P0,,,,,
,85,"홈
(Mature)","All Novels
(장르전체 랜딩 서브탭)",,,,QA환경 : Novels 탭,,"1. All Novels 서브탭 클릭
2. 정렬/필터 노출 확인
3. 작품 리스트 확인","1.  {All Novels} 서브탭이 활성화된다.
2. 상단에 장르 선택 필터와 정렬 옵션 변경 영역이 노출된다.
ㄴ 디폴트 : 장르 - ALL, 정렬 - Popular
3. Mature - Novel 작품의 모든 장르에 해당하는 작품이 노출된다.",,공통,W,P0,,,,,
,86,"홈
(Mature)","All Novels
(장르전체 랜딩 서브탭)",,,,,,"1. 장르 선택 필터 버튼 클릭
2. 장르 선택 팝업 > {장르명} 선택 후 Confirm 버튼 클릭","1. 장르 선택 팝업이 노출된다.
2. 팝업이 닫히고 작품 리스트가 갱신되며 필터된 장르의 작품만 노출된다.",,공통,W,P0,,,,,
,87,"홈
(Mature)","All Novels
(장르전체 랜딩 서브탭)",,,,,,"1. 정렬 옵션 변경 버튼 클릭
2. 정렬 선택 팝업 > {정렬값} 선택 후 Confirm 버튼 클릭","1. 정렬 선택 팝업이 노출된다.
2. 팝업이 닫히고 작품 리스트가 갱신되며 선택한 정렬 순으로 작품 리스트가 노출된다.",,공통,W,P0,,,,,
,88,작품홈,진입,Section Menu,,,,,"1. GNB > Home 클릭 후 Popular 서브탭 진입
2. 랭킹 1위 작품 클릭
3. 우측 영역 > 작품 이미지 선택
4. 작품 이미지 선택","1. Popular 서브탭이 노출된다. 
2. Episode 1 뷰어로 진입된다.
3. 팝업 형태로 작품홈이 노출된다.
4. 작품홈으로 진입된다.

[MWeb]
1. Popular 서브탭이 노출된다. 
2. 작품홈으로 진입된다.",,공통,W,P0,,,,,
,89,작품홈,공통,작품 정보,,,,,1. 작품 정보 확인,"1. 아래 정보들이 노출된다.
ㄴ 썸네일, 뱃지 (기다무정보)
ㄴ 장르
ㄴ 작품명
ㄴ 카테고리, 뷰카운트, 좋아요, 구독 수

[MWeb]
1. 아래 정보들이 노출된다.
ㄴ 썸네일, 뱃지 (기다무정보)
ㄴ 장르
ㄴ 작품명, 작가명
ㄴ 뷰카운트, 좋아요, 구독 수",,공통,W,P0,,,,,
,90,작품홈,공통,구독 버튼,,,,,"1. 구독 버튼 노출 확인 
2. 구독 버튼 클릭 
3.. [Close] 클릭
4. [Subscribe] 버튼 재클릭","1. 작품정보 하단에 미구독 상태로 버튼이 노출된다.
[Mweb]
1. 하단 바에 미구독 상태로 버튼이 노출된다.
-----------
2. 토스트 팝업 노출되며 구독 버튼 활성화 및 앱 설치 유도 팝업이 노출된다.
ㄴ 토스트 : Subscribed
3. 앱 설치 유도 팝업이 닫힌다.
4. 토스트 팝업 노출되며 구독 버튼 비활성화 된다. 
ㄴ 토스트 : Unsubscribed",,공통,W,P0,,,,,
,91,작품홈,공통,하단 버튼,,,,,"1. 구독 버튼 좌측 버튼 노출 확인
2. [Continue Ep.2] 버튼 클릭
3. 뒤로가기 [<] 버튼 클릭

[MWeb]
1. 구독 버튼 우측 버튼 노출 확인
2. [Read ep.1 for free] 버튼 클릭
3. 뒤로가기 [<] 버튼 클릭","1. [Continue Ep.2] 버튼 노출된다.
2. episode 2 뷰어 진입된다.
3. 작품홈으로 이동되며 버튼이 [Comtinue Ep.3] 으로 변경되어 노출된다.

[MWeb]
1. [Read ep.1 for free] 버튼 노출된다.
2. episode 1 뷰어 진입된다.
3. 작품홈으로 이동되며 하단 버튼이 [Comtinue Ep.2]로 변경되어 노출된다.",,공통,W,P0,,,,,
,92,작품홈,공통,띠배너,,,,,1. 배너 영역 확인,"1. 기다무 작품,  공지 사항 띠배너가 노출된다.",,공통,W,P2,,,,,
,93,작품홈,공통,띠배너,기다무 띠배너,,,기다무 작품인 경우,"1. 배너 영역 확인
2. 기다무 띠배너 > ? 버튼 클릭
3, OK 버튼 클릭","1. 기다무 작품, 띠배너가 노출된다.
2. 기다무 안내 팝업이 노출된다.
3. 팝업이 닫히며 작품홈 화면 유지된다.",,공통,W,P2,,,,,
,94,작품홈,공통,띠배너,,,,공지사항 있는 경우,"1. 배너 영역 확인
2. 공지사항 띠배너 클릭

[MWeb]
1. 배너 영역 확인
2. 공지사항 띠배너 클릭
3. 공지사항 내역 확인
4. 뒤로가기 [<] 버튼 클릭","1. 기다무 작품, 공지 사항 띠배너가 노출된다.
2. 공지사항 내용이 노출된다.

[MWeb]
1. 기다무 작품, 공지 사항 띠배너가 노출된다.
2. 공지사항 화면으로 이동된다.
3. 등록된 공지사항 내용이 노출된다.
4. 작품홈 화면으로 이동된다.",,공통,W,P2,,,,,
,95,작품홈,공통,탭,,,,,"1. 영역 노출 확인

[MWeb]
1. 탭 노출 확인","1. Episodes 우측으로 Details 영역이 노출된다.

[MWeb]
1. Episodes, Details 탭이 노출된다.",,공통,W,P0,,,,,
,96,작품홈,details 탭,,,,,,"1. Details 영역 확인

[MWeb]
1. Details 탭 클릭","1. Creaotrs, Details, 업데이트 일자, 발행처, 추천 작품이 노출된다. 

[MWeb]
1. Creaotrs, Description, 업데이트 일자, 발행처, 장르, 추천 작품이 노출된다. ",,공통,W,P0,,,,,
,97,작품홈,details 탭,작가홈,,,,,"1. 작가 클릭
2. 작가 홈 확인
3. 뒤로가기 [<] 버튼 클릭","1. 작가 홈으로 이동된다.
2. 프로필 이미지, 작가명, 작가 작품이 노출된다.
3. 작품홈으로 이동된다.

[MWeb]
1. 작가 홈으로 이동된다.
2. 프로필 이미지, 작가명, 작가 작품이 노출된다.
3. 작품홈 Episodes 탭으로 이동된다.",,공통,W,P1,,,,,
,98,작품홈,details 탭,장르,,,,,"1. 작품 정보 영역 {장르값} 클릭
- MWeb) {장르값} 클릭
2. 장르 랜딩 리스트 확인
3. {장르값} 선택 후 [Comfirm] 버튼 클릭
4. {BM값}  선택 후 [Comfirm] 버튼 클릭
5. {정렬값}  선택 후 [Comfirm] 버튼 클릭
6. 뒤로가기 [<] 버튼 클릭","1. 장르 랜딩 리스트로 이동된다.
2. 타이틀 문구, 장르값, 필터/정렬 버튼, 작품리스트가 노출된다.
3. {장르값} 으로 리스트 갱신된다.
4. {BM값} 으로 리스트 갱신된다.
5. {정렬값}으로 리스트 갱신된다.
6. 작품홈으로 이동된다.
- MWeb) 작품홈 Episodes 탭으로 이동된다.",,공통,W,P1,,,,,
,99,작품홈,details 탭,추천 작품,,,,,"1. 추천 작품 영역 확인

[MWeb]
1. 추천 작품 영역 확인
2. 추천 작품 영역 좌로 스와이프
3. 추천 작품 영역 우로 스와이프","1. Fans also read 문구 및 추천 작품이 노출된다.

[MWeb]
1. Fans also read 문구 및 추천 작품이 노출된다.
2. 추천 작품 리스트 영역으 좌로 스와이프 된다.
3. 추천 작품 리스트 영역으 우로 스와이프 된다. ",,공통,W,P1,,,,,
,100,작품홈,Episodes 탭,,,,,,1. Episodes 탭 클릭,"1. 회차 리스트 영역이 노출된다
ㄴ 총 에피소드 수, 회차 정렬 버튼",,공통,W,P0,,,,,
,101,작품홈,Episodes 탭,정렬,,,,첫화보기 순,"1. 현재 정렬 버튼 상태 확인
2. 정렬 버튼 클릭
3. 정렬 버튼 재클릭","1. 첫화보기 순으로 노출된다.
2. 최신순으로 정렬된다. (제일 상단 에피소드 번호가 총 회차수 인지 확인 )
3. 첫화보기 순으로 노출된다. (제일 상단 에피소드 번호가 1 인지 확인)",,공통,W,P0,,,,,
,102,작품홈,Episodes 탭,,,,,,"1. 스크롤하여 회차 리스트 노출 확인
2. episode 1 회차 노출 영역 확인","1. 첫화부터 마지막화까지 모두 정상 노출된다.
2. 회차 섬네일, 회차 순번, 회차 명, 발행 날짜, 뷰카운트이 노출된다.",,공통,W,P0,,,,,
,103,작품홈,Episodes 탭,회차 열람 (무료),,,,,"1. 무료 회차 클릭
2. 뒤로가기 [<] 버튼 클릭","1. 즉시 뷰어로 진입된다.
2. 작품홈으로 복귀한다.
ㄴ 이어보기 버튼의 회차가 업데이트된다. ",,공통,W,P0,,,,,
,104,작품홈,Episodes 탭,회차 열람 (기다무),,,,기다무 티켓 보유 상태,"1. 회차 영역 스크롤 > 기다무 회차 클릭
2. 기다무 사용 확인 팝업 > [Yes] 버튼 클릭
3. 뒤로가기 [<] 버튼 클릭","1. 기다무 사용 확인 팝업이 노출된다
ㄴ 최초 진입일 경우 기다무 안내 팝업이 노출된다.
2. 뷰어로 진입된다.
3. 작품홈 화면으로 이동되고 해당 회차에 대여기간이 노출된다.
ㄴ 이어보기 버튼의 회차가 업데이트된다. ",,공통,W,P0,,,,,
,105,작품홈,Episodes 탭,회차 열람 (기다무),,,,기다무 티켓 소진 상태,"1. 다음 회차 (기다무) 클릭
2. 회차 구매 팝업 > [X] 버튼 클릭","1. 기다무 사용 확인 팝업이 노출되지 않고 회차 구매 팝업이 노출된다.
2. 팝업이 닫히며 이전화면 노출된다.",,공통,W,P0,,,,,
,106,작품홈,Episodes 탭,회차 열람 (유료),,,,잉크 보유 상태,"1. 회차 영역 스크롤 > 유료 회차 클릭
2. 회차 구매 팝업 > 단건 구매 옵션 클릭
3. 뒤로가기 [<] 버튼 클릭","1. 회차 구매 팝업이 노출된다.
2. 뷰어로 진입된다.
3. 작품홈으로 이동된다.
ㄴ 이어보기 버튼의 회차가 업데이트된다. ",,공통,W,P0,,,,,
,107,"뷰어
(Comic)",진입,,,,,,1. 작품홈 Episode 탭 > 무료 회차 클릭,"1. 회차로 진입되며 원고 이미지 및 우측에 회차 리스트 영역이 노출된다.

[MWeb]
1. 회차로 진입되며 원고 이미지가 노출된다.",,공통,W,P0,,,,,
,108,"뷰어
(Comic)",콘텐츠,,,,,,"1. 우측 스크롤바 아래로 드래그
2. 우측 스크롤바 위로 드래그","1. 뷰어 엔드 영역까지 이동이 가능하다.
2. 뷰어 최상단까지 이동이 가능하다.",,공통,W,P0,,,,,
,109,"뷰어
(Comic)",뷰어엔드,,,,sparks (작가 : revel),작가의 말이 등록된 회차,"1. 뷰어엔드 > 작가의 말 노출 확인
2. 작가 이름 클릭
3. 상단 [<] 버튼 클릭","1. 원고 하단에 작가의 말이 노출된다.
2. 작가 홈으로 이동된다.
3. 뷰어로 이동된다.",,공통,W,P2,,,,,
,110,"뷰어
(Comic)",뷰어엔드,,,,sparks (작가 : revel),광고가 설정된 작품,"1. 뷰어엔드 > 하단 광고 노출 확인
2. 광고 선택
3. 상단 [<] 버튼 또는 디바이스 백버튼 선택","1. 설정되어있는 광고가 노출된다.
2. 설정된 랜딩 페이지로 이동된다.
3. 뷰어로 이동된다.",,공통,W,P2,,,,,
,111,"뷰어
(Comic)",뷰어엔드,,,,sparks (작가 : revel),이벤트 배너가 설정된 작품,"1. 뷰어엔드 > 이벤트 배너 노출 확인
2. 이벤트 배너 선택
3. 상단 [<] 버튼 또는 디바이스 백버튼 선택","1. 설정되어있는 이벤트 배너가 노출된다.
2. 설정된 랜딩 페이지로 이동된다.
3. 뷰어로 이동된다.",,공통,W,P2,,,,,
,112,"뷰어
(Comic)",뷰어엔드,,,,,,"1. Comments 영역 노출 확인
2. [See all] 버튼 클릭

[MWeb]
1. Comments 영역 노출 확인
2. [See all] 버튼 클릭
3. Comments 화면 > 뒤로가기 [<] 버튼 클릭","1. Comments 영역 타이틀과 [See all] 버튼이 노출되며 좋아요 높은 순의 댓글 1개가 노출된다.
2. 뷰어 우측에 Comments 리스트가 노출된다.

[MWeb]
1. Comments 영역 타이틀과 [See all] 버튼이 노출되며 좋아요 높은 순의 댓글 1개가 노출된다.
2. Comments 화면으로 이동된다.
3. 뷰어로 이동된다.",,공통,W,P0,,,,,
,113,"뷰어
(Comic)",뷰어엔드,,,,,,"1. Comments 영역 > 댓글 [Likes] 버튼 클릭
2. [Likes] 버튼 재클릭","1. 좋아요 수가 +1 되며 좋아요 버튼이 활성화 상태로 노출된다.
2. 좋아요 수가 -1 되며 좋아요 버튼이 비활성화 상태로 노출된다.",,공통,W,P0,,,,,
,114,"뷰어
(Comic)",뷰어엔드,,,,,,"1. Comments 영역 하단 버튼 노출 확인
2. 버튼 클릭

[MWeb]
1. Comments 영역 하단 버튼 노출 확인
2. 버튼 클릭
3. Comments 화면 > 뒤로가기 [<] 버튼 클릭","1. [Add a comment] 버튼이 노출된다.
2. 뷰어 우측에 Comments 리스트가 노출된다.

[MWeb]
1. [Add a comment] 버튼이 노출된다.
2. Comments 화면으로 이동된다.
3. 뷰어로 이동된다.",,공통,W,P0,,,,,
,115,"뷰어
(Comic)",뷰어엔드,,,,,,"1. Recommendation for you 영역 확인
2. 가로 스크롤 동작
3. 리스트의 첫번째 작품 클릭
4. 디바이스/브라우저 뒤로가기 버튼 클릭","1. 추천 작품이 노출된다.
 ㄴ 작품 썸네일, 뱃지, 작품명, 카테고리, 장르, 좋아요 수
2. 6개의 작품과 랜덤 추천 버튼이 노출된다.
3. 선택한 작품홈으로 이동된다.
4. 뷰어로 이동된다.",,공통,W,P0,,,,,
,116,"뷰어
(Comic)",하단 툴바,,,,,,1. Bottom 영역 노출 확인,"1. 회차 썸네일, 회차명, 뷰카운트, 좋아요 수, 댓글 수, [더보기], [좋아요], [리스트], [댓글],[이전회차],[다음회차],[전체화면] 버튼이 노출된다.

[MWeb]
1. 좋아요, 댓글, 이전화/다음화 버튼이 노출된다.",,공통,W,P0,,,,,
,117,"뷰어
(Comic)",하단 툴바,,,,,,"1. 하단 [더보기] 버튼 클릭
2. More 팝업 > 팝업 외 영역 클릭

[MWeb]
1. TOP 영역 노출 확인
2. [더보기] 버튼 클릭
3. More 팝업 > 팝업 외 영역 클릭","1. 뷰어 화면 위로 More 팝업이 노출된다.
2. 팝업이 닫힌다.

[MWeb]
1. [리스트] 버튼, 작품명, 회차순서, 회차명, [더보기] 버튼이 노출된다.
2. 뷰어 화면 위로 More 팝업이 노출된다.
3. 팝업이 닫힌다.",,공통,W,P0,,,,,
,118,"뷰어
(Comic)",하단 툴바,더보기,,,,구독 상태,"1. [더보기] 버튼 클릭
2. [Unsubscribe] 버튼 클릭
3. [더보기] 버튼 재클릭 > [Subscribe] 버튼 클릭","1. 뷰어 더보기 팝업이 노출된다.
2. 토스트가 노출되며 팝업이 닫힌다.
 ㄴ 토스트: Unsubscribed
3. 토스트가 노출되며 팝업이 닫힌다.
 ㄴ 토스트: Subscribed",,공통,W,P1,,,,,
,119,"뷰어
(Comic)",하단 툴바,더보기,,,,,"1. [더보기] 버튼 클릭
2. [Share to Facebook] or [Share to Twiiter] 버튼 클릭

[MWeb]
1. [더보기] 버튼 클릭
2. [Share] 버튼 클릭
3. 팝업 외 영역 클릭","1. 뷰어 더보기 팝업이 노출된다.
2. 새탭으로 SNS 페이지로 진입된다.

[MWeb]
1. 뷰어 더보기 팝업이 노출된다.
2. 디바이스 공유 팝업이 노출된다.
3. 공유 팝업이 닫히며 뷰어에 머무른다.",,공통,W,P2,,,,,
,120,"뷰어
(Comic)",하단 툴바,더보기,,,,,"1. [더보기] 버튼 클릭
2. [Report] 버튼 클릭
3. [Cancel] 클릭","1. 뷰어 더보기 팝업이 노출된다.
2. 신고 항목 선택 팝업이 노출된다.
3. 팝업이 닫힌다.",,공통,W,P2,,,,,
,121,"뷰어
(Comic)",하단 툴바,,,,,,"1. [Like] 버튼 클릭
2. [Like] 버튼 재클릭","1. 토스트가 노출되며 좋아요 버튼이 활성화되어 노출된다.
 ㄴ 토스트: Liked
2. 토스트가 노출되며 좋아요 버튼이 비활성화되어 노출된다.
 ㄴ 토스트: Unliked",,공통,W,P0,,,,,
,122,"뷰어
(Comic)",하단 툴바,,,,,PCW only,"1. [리스트] 버튼 클릭
2. [리스트] 버튼 재클릭","1. 뷰어 우측 작품홈 영역이 미노출로 전환된다
2. 뷰어 우측 작품홈 영역이 노출된다.",,공통,W,P1,NI,,NI,,
,123,"뷰어
(Comic)",하단 툴바,,,,,,"1. [Comment] 버튼 클릭
2. [Comment] 버튼 재클릭

[MWeb]
1. [Comment] 버튼 클릭
2. 디바이스/브라우저 [<] 버튼 클릭
3. 상단 리스트 버튼 or 디바이스 [<] 버튼 클릭","1. 뷰어 우측에 Comments 리스트가 노출된다.
2. 뷰어 우측에 Comments 리스트가 미노출된다.

[MWeb]
1. Comments 화면으로 이동된다.
2. 뷰어로 이동된다.
3. 작품홈으로 이동된다.",,공통,W,P0,,,,,
,124,"뷰어
(Comic)",하단 툴바,,,,,,"1. 다음회차 이동 버튼 클릭
2. 이전회차 이동 버튼 클릭","1. 다음회차 뷰어로 즉시 진입된다.
2. 이전회차로 즉시 진입된다.",,공통,W,P0,,,,,
,125,"뷰어
(Comic)",하단 툴바,,,,,PCW only,"1. [전체화면] 버튼 클릭
2. [전체화면] 버튼 재클릭","1. 뷰어가 전체화면으로 전환된다.
2. 전체화면 모드가 종료된다.",,공통,W,P2,NI,,NI,,
,126,"뷰어
(Novel)",진입,,,,,,"1. GNB > Home > Novels >  Popular 서브탭 진입
2. 첫 번째 작품 클릭

[MWeb]
1. GNB > Home > Novels >  Popular 서브탭 진입
2. 첫 번째 작품 클릭
3. 에피소드 1화 선택","1. Popular 서브탭 노출된다.
2. 에피소드 1화로 진입된다.

[MWeb]
1. Popular 서브탭 노출된다.
2. 작품홈으로 진입된다.
3. 에피소드 1화로 진입된다. ",,공통,W,P0,,,,,
,127,"뷰어
(Novel)",콘텐츠,,,,,,"1. 우측 스크롤바 아래로 드래그
2. 우측 스크롤바 위로 드래그","1. 뷰어 엔드 영역까지 이동이 가능하다.
2. 뷰어 최상단까지 이동이 가능하다.",,공통,W,P0,,,,,
,128,"뷰어
(Novel)",뷰어엔드,작가의 말,,,soft touch,작가의 말 있는 경우,"1. 뷰어 진입
2. 뷰어 엔드 > 작가의 말 영역 확인","1. 소설 원고 노출된다.
2. 작가 이미지, 작가의 말이 노출된다.",,공통,W,P2,,,,,
,129,"뷰어
(Novel)",뷰어엔드,,,,,,"1. Comments 영역 노출 확인
2. [See all] 버튼 클릭

[MWeb]
1. Comments 영역 노출 확인
2. [See all] 버튼 클릭
3. Comments 화면 > 뒤로가기 [<] 버튼 클릭","1. Comments 영역 타이틀과 [See all] 버튼이 노출되며 좋아요 높은 순의 댓글 1개가 노출된다.
2. 뷰어 우측에 Comments 리스트가 노출된다.

[MWeb]
1. Comments 영역 타이틀과 [See all] 버튼이 노출되며 좋아요 높은 순의 댓글 1개가 노출된다.
2. Comments 화면으로 이동된다.
3. 뷰어로 이동된다.",,공통,W,P0,,,,,
,130,"뷰어
(Novel)",뷰어엔드,,,,,,"1. Comments 영역 > 첫 번 째 댓글 [Likes] 버튼 클릭
2. [Likes] 버튼 재클릭","1. 좋아요 수가 +1 되며 좋아요 버튼이 활성화 상태로 노출된다.
2. 좋아요 수가 -1 되며 좋아요 버튼이 비활성화 상태로 노출된다.",,공통,W,P0,,,,,
,131,"뷰어
(Novel)",뷰어엔드,,,,,,"1. Recommendation for you 영역 확인

[MWeb]
2. 좌로 스와이프 동작
3. 우로 스와이프 동작","1. 추천 작품이 노출된다.
 ㄴ 작품 썸네일, 뱃지, 작품명, 카테고리, 장르

[MWeb]
2. 추전 작품 영역 내 스와이프 동작이 이루어진다
3. 추전 작품 영역 내 스와이프 동작이 이루어진다",,공통,W,P0,,,,,
,132,"뷰어
(Novel)",뷰어엔드,,,,,,"1. Recommendation for you 영역
2. 추천 작품 선택
3. 상단 [<] 버튼 클릭
4. 상단 [<] 버튼 클릭","1. 추천 작품 리스트이 노출된다.
2. 선택한 작품홈으로 이동된다.
3. 뷰어로 이동된다.
4. 직픔홈으로 이동된다.",,공통,W,P0,,,,,
,133,"뷰어
(Novel)",하단 툴바,,,,,,"1. 소설 작품 진입
2. 하단 영역 확인

[MWeb]
1. 소설 작품 진입
2. 상단 영역 확인
3. 하단 툴바 확인","1. 소설 뷰어 노출된다.
2. 회차 섬네일, 회차명, 회차 정보, 소설 옵션, More, Like, List, Comment, 이전/다음, 전체화면 전환 버튼이 노출된다.

[MWeb]
1. 소설 뷰어 노출된다.
2. 회차 리스트, 작품명,회차명, 소설 옵션, More 버튼 노출된다.
3. 좋아요, 댓글, 이전/다음화 버튼 노출된다.",,공통,W,P0,,,,,
,134,"뷰어
(Novel)",하단 툴바,,,,,,"1. 소설 뷰어 진입
2. 우하단 [List] 버튼 클릭

[MWeb]
1. 소설 뷰어 진입
2. 좌상단 [List] 버튼 클릭","1. 소설 뷰어가 진입된다.
2. 우측 회차 리스트 접히며 뷰어 전체 화면으로 노출된다.

[MWeb]
1. 소설 뷰어가 진입된다.
2. 작품홈 회차 리스트로 이동된다.",,공통,W,P0,,,,,
,135,"뷰어
(Novel)",하단 툴바,,,,,PCW only,"1. [리스트] 버튼 클릭
2. [리스트] 버튼 재클릭","1. 뷰어 우측 작품홈 영역이 미노출로 전환된다
2. 뷰어 우측 작품홈 영역이 노출된다.",,공통,W,P1,,,,,
,136,"뷰어
(Novel)",하단 툴바,,,,,PCW only,"1. [전체화면] 버튼 클릭
2. [전체화면] 버튼 재클릭","1. 뷰어가 전체화면으로 전환된다.
2. 전체화면 모드가 종료된다.",,공통,W,P2,,,,,
,137,"뷰어
(Novel)",하단 툴바,소설 뷰어 옵션(AA),,,,,"1. [AA] 버튼 클릭
2. 폰트 크기 [+] 버튼 클릭
3. 폰트 크기 [-] 버튼 클릭 ","2. 팝업은 유지되며 소설 원고 폰트 크기가 커진다.
3. 팝업은 유지되며 소설 원고 폰트 크기가 작아진다.",,공통,W,P0,,,,,
,138,"뷰어
(Novel)",하단 툴바,소설 뷰어 옵션(AA),,,,,"1. [AA] 버튼 클릭
2. 행 간격 [+] 버튼 클릭
3. 행 간격 [-] 버튼 클릭","2. 팝업은 유지되며 소설 원고 행 간격이 넓어진다.
3. 팝업은 유지되며 소설 원고 행 간격이 좁아진다. ",,공통,W,P0,,,,,
,139,"뷰어
(Novel)",하단 툴바,소설 뷰어 옵션(AA),,,,,"1. [AA] 버튼 클릭
2. 뷰어 화면 모드 클릭
3. 팝업 이외 영역 클릭","2. 팝업은 유지되며 소설 원고가 선택한 배경으로 변경된다. 
3. 팝업이 닫히며 소설 원고는 유지된다.",,공통,W,P0,,,,,
,140,"뷰어
(Novel)",하단 툴바,,,,,,"1. [좋아요] 버튼 선택
2. [좋아요] 버튼 재선택","1. 좋아요 버튼이 활성화 처리되며 카운트가 증가한다.
2. 좋아요 버튼 비활성화 처리되며 카운트가 감소한다 ",,공통,W,P0,,,,,
,141,"뷰어
(Novel)",하단 툴바,,,,,,"1. 하단 툴바 확인
2. 좌하단 More 버튼 클릭
3. 팝업 외 영역 클릭

[MWeb]
1. 상단 영역 확인
2. 우상단 More 버튼 클릭
3. 팝업 외 영역 클릭","1. 회차 섬네일, 회차명, 회차 정보, 소설 옵션, More, Like, List, Comment, 이전/다음, 전체화면 전환 버튼이 노출된다.
2. 뷰어 화면 위로 More 팝업이 노출된다.
3. 팝업이 닫힌다.

[MWeb]
1. 회차 리스트, 작품명,회차명, 소설 옵션, More 버튼 노출된다.
2. 뷰어 화면 위로 More 팝업이 노출된다.
3. 팝업이 닫힌다.",,공통,W,P1,,,,,
,142,"뷰어
(Novel)",하단 툴바,,,,,첫 번째 작가 서포트 활성화,"1. [Support] 버튼 클릭
2. 우상단 [x] 버튼 클릭

[MWeb]
1. [Support] 버튼 클릭
2. 좌상단 [<] 버튼 클릭","1. 작가 Support 팝업이 노출된다.
2. 뷰어로 이동된다.

[MWeb]
1. 작가 Support 화면으로이동된다.
2. 뷰어로 이동된다.",,공통,W,P0,,,,,
,143,"뷰어
(Novel)",하단 툴바,,,,,,"1. 이전 회차 이동 버튼 클릭
2. 다음 회차 이동 버튼 클릭","1. 이전 회차로 이동된다.
2. 원래 회차로 돌아온다.",,공통,W,P0,,,,,
,144,"뷰어
(Novel)",하단 툴바,,,,,,1. [Comment] 버튼 클릭,"1. 우측에 댓글 리스트 화면이 노출된다.

[MWeb]
1. 댓글 화면으로 이동된다.",,공통,W,P0,,,,,
,145,댓글,Top,,,,,,"1. 우상단 정렬 필터 > Newest 값 클릭
2. 우상단 정렬 필터 > Oldest 값 클릭","1. 댓글 리스트가 최신순으로 갱신된다.
2. 댓글 리스트가 오래된 순으로 갱신된다.",,공통,W,P2,,,,,
,146,댓글,댓글 리스트,내 댓글,,,,,"1. 댓글 입력창 선택
2. 텍스트 입력
3. [Comment] 버튼 클릭
4. 댓글 입력창 선택 > 텍스트 입력 후 [Comment] 버튼 클릭

[MWeb]
1. 댓글 입력창 선택
2. 텍스트 입력
3. [Comment] 버튼 클릭
4. 댓글 입력창 선택 > 텍스트 입력 후 [Comment] 버튼 클릭","1. 텍스트 입력 가능 상태로 노출된다.
2. 입력창에 텍스트가 입력된다. 
3. 작성한 댓글이 제일 상단 목록에 노출된다.
4. 작성한 댓글이 추가로 상단 목록에 노출된다.

[MWeb]
1. 가상 키보드가 노출되며 텍스트 입력 가능 상태로 노출된다.
2. 입력창에 텍스트가 입력된다. 
3. 작성한 댓글이 제일 상단 목록에 노출된다.
4. 작성한 댓글이 추가로 상단 목록에 노출된다.",,공통,W,P0,,,,,
,147,댓글,댓글 리스트,내 댓글,,,,,1. 등록한 내 댓글 더보기 버튼 클릭,"1. 댓글 설정 팝업이 노출된다.
ㄴ Edit/Delete",,공통,W,P0,,,,,
,148,댓글,댓글 리스트,내 댓글,,,,,"1. 등록한 내 댓글 더보기 > [Edit] 버튼 클릭
2. 텍스트 수정 후 [Save] 버튼 클릭","1. 팝업이 닫히고 텍스트 입력 가능 상태로 노출된다.
2. 수정한 텍스트가 댓글에 반영되어 노출된다.",,공통,W,P0,,,,,
,149,댓글,댓글 리스트,내 댓글,,,,,1. 등록한 내 댓글 더보기 > [Delete] 버튼 클릭,1. 팝업이 닫히고 댓글 목록에서 삭제된다.,,공통,W,P0,,,,,
,150,댓글,댓글 리스트,,,,,,"1. 다른 유저 댓글 > 프로필 이미지 클릭
2. 뒤로가기

[MWeb]
1. 다른 유저 댓글 > 프로필 이미지 클릭
2. 상단 [<] 버튼 클릭","1. 유저 홈으로 이동된다.
2. 뷰어로 이동된다.

[MWeb]
1. 유저 홈으로 이동된다.
2. 댓글 화면으로 이동된다.",,공통,W,P2,,,,,
,151,댓글,댓글 리스트,,,,,,"1. 댓글 [Likes] 버튼 클릭
2. 댓글 [Likes] 버튼 재클릭","1. 좋아요 버튼이 활성화되어 노출된다.
2. 좋아요 버튼이 비활성화되어 노출된다.",,공통,W,P1,,,,,
,152,댓글,답글,,,,,,"1. 댓글 [View n reply] 버튼 클릭
2. 답글 리스트 노출 확인
3. [Hide n reply] 버튼 클릭 ","1. 답글 화면으로 이동된다.
2. 등록된 답글이 노출된다.
 ㄴ 프로필 이미지, 유저이름, 등록일, 답글 내용, [like] 버튼
3. 등록된 답글이 닫힌다.",,공통,W,P0,,,,,
,153,댓글,답글,,,,,,"1. 댓글 [Reply] 버튼 클릭 > 답글 작성
2. [Reply] 버튼 클릭","1. 답글 작성란이 노출된다.
2. 작성한 답글이 등록되어 노출된다.",,공통,W,P0,,,,,
,154,댓글,답글,내 답글,,,,,"1. 등록한 내 답글 더보기 > [Edit] 버튼 클릭
2. 텍스트 수정 후 [Edit] 버튼 클릭","1. 팝업이 닫히고 텍스트 입력 가능 상태로 노출된다.
2. 수정한 텍스트가 댓글에 반영되어 노출된다.",,공통,W,P0,,,,,
,155,댓글,답글,내 답글,,,,,1. 등록한 내 답글 더보기 > [Delete] 버튼 클릭,1. 팝업이 닫히고 댓글 목록에서 삭제된다.,,공통,W,P0,,,,,
,156,댓글,답글,,,,,,"1. 답글 [Likes] 버튼 클릭
2. 답글 [Likes] 버튼 재클릭","1. 좋아요 버튼이 활성화되어 노출된다.
2. 좋아요 버튼이 비활성화되어 노출된다.",,공통,W,P1,,,,,
,157,보관함,진입,,,,,,1. GNB > 라이브러리 메뉴 클릭,"1. 보관함으로 진입되며 아래 메뉴들이 노출된다.
ㄴ Updated 작품 영역
ㄴ Recent
ㄴ Subscribed
ㄴ Free episodes
ㄴ Wait Until Free",,공통,W,P0,,,,,
,158,보관함,Updated,,,,,,"2. 작품 클릭 
3. [<-] 백버튼 클릭 
4. Comics 필터 클릭
5. 임의의 작품 클릭
6. [<-] 백버튼 클릭 
7. Novels 필터 클릭 
8. 임의의 작품 클릭
9. [<-] 백버튼 클릭 ","1.Updated 메뉴가 노출된다.
ㄴAll 필터가 디폴트로 노출된다.
ㄴAll/Comics/Novels 필터, 작품 목록이 노출된다.
2. 작품홈 으로 진입 된다.
3.Updated로 복귀한다.
4.Comic 작품목록이 노출된다.
5.Comic 작품홈으로 진입된다.
6.Updated 로 복귀한다.
ㄴComics 필터 선택되어 노출된다.
7.Novel 작품목록이 노출된다.
8.Novel 작품홈으로 진입된다.
9.Updated로 복귀한다.
ㄴNovel 필터 선택되어 노출된다. ",,공통,W,P0,,,,,
,159,보관함,Updated,,,,,,"[PCW]
1. 탭 하단 [Comics] 버튼 클릭
2. [Novels] 버튼 클릭
3. [All] 버튼 클릭

[MW]
1. 우상단 필터 > [Comics] 버튼 클릭
2. 필터 > [Novels] 버튼 클릭
3. 필터 > [All] 버튼 클릭","1. Comics 작품리스트만 노출된다.
2. Novels 작품리스트만 노출된다.
3. 모든 작품 리스트가 노출된다.",,공통,W,P1,,,,,
,160,보관함,Updated,,,,,Updated 작품 목록 없는 경우,"[PCW]
1. 탭 하단 [Comics] 버튼 클릭
2. [Novels] 버튼 클릭
3. [All] 버튼 클릭

[MW]
1. 우상단 필터 > [Comics] 버튼 클릭
2. 필터 > [Novels] 버튼 클릭
3. 필터 > [All] 버튼 클릭","1. 안내문구가 노출된다.
2.안내문구가 노출된다.
3.안내문구가 노출된다.

목록 없을때 안내 문구
-타이틀: No updated series
-서브타이틀Subscribed series will appear here whenever new episodes are added.",,공통,W,P1,,,,,
,161,보관함,Recent,,,,,,"1. Recent 클릭
2. Comic 작품 열람
ㄴ GNB > 보관함 아이콘 > Recent > 임의의 작품 클릭
3. 상단 [<] 백버튼 클릭
4. GNB > Home > 임의의 작품 클릭 
5. GNB 보관함 아이콘 클릭 > Recent 클릭

[MWeb]
1. Recent 클릭
2. Comic 작품 열람
ㄴ GNB > 보관함 아이콘 > Recent > 임의의 작품 클릭
3. 상단 [<] 백버튼 클릭
4. GNB > Home > 임의의 작품 클릭 >작품홈 진입 > 작품 회차 클릭
5. GNB 보관함 아이콘 클릭 > Recent 클릭","1. Recent 메뉴 진입된다.
ㄴ 현 상태 노출 작품 확인
2. 회차 뷰어 진입된다.
3. Recent로 복귀한다.
4. 회차뷰어 진입된다.
5.Recent로 진입된다.
ㄴRecent 화면 노출되고 열람한 작품이 상단에 추가되어 노출된다.

[Mweb]
1. Recent 메뉴 진입된다.
ㄴ 현 상태 노출 작품 확인
2. 회차 뷰어 진입된다.
3. Recent로 복귀한다.
4. 회차뷰어 진입된다.
5.Recent로 진입된다.
ㄴRecent 화면 노출되고 열람한 작품이 상단에 추가되어 노출된다.",,공통,W,P0,,,,,
,162,보관함,Recent,,,,,Recent 작품 목록 없는 경우,1. Recent 클릭,"1.안내문구가 노출된다.

목록 없을 때 안내 문구 
-타이틀: No reading history 
-서브 타이틀: Series you read will show up here, so you can pick up where you leave off",,공통,W,P1,,,,,
,163,보관함,Subscribed,,,,,,"1. Subscribed 클릭
2. Comic 작품 구독
ㄴ GNB > Home > Comics > 임의의 작품 클릭 > 구독 버튼 클릭 > 앱설치 유도 팝업 [Close] 클릭
3. Novel 작품 구독
ㄴ GNB > Home > Novels > 임의의 작품 클릭 > 구독 버튼 클릭 > 앱설치 유도 팝업 [Close] 클릭
4. GNB >보관함 클릭 > Suscribed클릭 ","1. Subscribed 진입된다.
ㄴ 현 상태 노출 작품 확인
2. Comic 작품홈 구독 버튼이 활성화되어 노출된다.
ㄴ APP설치 유도 팝업이 노출된다.
3. Novel 작품홈 구독 버튼이 활성화되어 노출된다.
4. Subscribed 화면에 구독한 작품이 상단에 추가되어 노출된다.",,공통,W,P0,,,,,
,164,보관함 ,Subscribed,,,,,,"1. 작품 클릭
2. 상단 [<] 버튼 클릭

[Mweb]
1. 작품 클릭
2. 상단 [<] 버튼 클릭","1. 작품뷰어회차로 진입된다.
2. Subscribed 화면으로 복귀된다.

[Mweb]
1. 작품홈으로 진입된다.
2. Subscribed 화면으로 복귀된다.",,공통,W,P0,,,,,
,165,보관함 ,Subscribed,,,,,Subscribed 작품 목록 없는 경우,"1. Comics 필터 클릭
2. Novels 필터 클릭
3. All 필터 클릭","1.안내문구가 노출된다.
2.안내문구가 노출된다.
3.안내문구가 노출된다.

목록 없을 때 안내 문구 
- 타이틀: Never miss an update 
- 서브 타이틀: Subscribe to your favorite series to get new episodes when they’re released.",,공통,W,P1,,,,,
,166,보관함 ,Subscribed,,,,,,"[PCW]
1. 탭 하단 [Comics] 버튼 클릭
2. [Novels] 버튼 클릭
3. [All] 버튼 클릭

[MW]
1. 우상단 필터 > [Comics] 버튼 클릭
2. 필터 > [Novels] 버튼 클릭
3. 필터 > [All] 버튼 클릭","1. Comics 작품리스트만 노출된다.
2. Novels 작품리스트만 노출된다.
3. 모든 작품 리스트가 노출된다.",,공통,W,P1,,,,,
,167,보관함 ,Subscribed,,,,,PCWeb only,"1. Subscribed 클릭
2.[Mark All As Read] 버튼 클릭
3.[Setting] 버튼 클릭 ","1. Subscribed 진입된다.
2.노출되는 작품 목록의 New뱃지가 미노출된다.
3. Settings으로 진입된다.",,공통,W,P1,NI,,NI,,
,168,보관함,Free episodes,,,,,,"1. Free episodes 메뉴 클릭
2. Gift 수령
ㄴ GNB > Inbox 클릭 > 제일 상단 작품 [Get] 버튼 클릭
3. GNB > 라이브러리 클릭","1. Free episodes 메뉴 진입된다.
ㄴ 현 상태 노출 작품 확인
2. Gift 수령되어 버튼 비활성화로 변경된다.
3. Free episodes 화면 유지되어 노출되고 이용권 받은 작품이 노출된다.",,공통,W,P0,,,,,
,169,보관함 ,Free episodes,,,,,,"1. 작품 클릭
2. 상단 [<] 버튼 클릭

[Mweb]
1. 작품 클릭
2. 상단 [<] 버튼 클릭","1. 회차 뷰어로 진입된다.
2. Free episodes 화면으로 복귀된다.

[Mweb]
1.작품홈으로 진입된다.
2. Free episodes 화면으로 복귀된다.
",,공통,W,P0,,,,,
,170,보관함 ,Free episodes,,,,,,"[PCW]
1. 탭 하단 [Comics] 버튼 클릭
2. [Novels] 버튼 클릭
3. [All] 버튼 클릭

[MW]
1. 우상단 필터 > [Comics] 버튼 클릭
2. 필터 > [Novels] 버튼 클릭
3. 필터 > [All] 버튼 클릭","1. Comics 작품리스트만 노출된다.
2. Novels 작품리스트만 노출된다.
3. 모든 작품 리스트가 노출된다.",,공통,W,P1,,,,,
,171,보관함 ,Free episodes,,,,,Free Episodes 작품 목록 없는 경우,"1. Comics 필터 클릭
2. Novels 필터 클릭
3. All 필터 클릭","1.안내문구가 노출된다.
2.안내문구가 노출된다.
3.안내문구가 노출된다.

목록 없을 때 안내 문구 
- 타이틀: No Gift Passes
- 서브 타이틀 : Unused Passes for free episodes will be listed here.",,공통,W,P1,,,,,
,172,보관함 ,Wait until Free,,,,,,"1. Wait until Free 메뉴 클릭
2. 작품 리스트 노출 확인
3. 작품 클릭
4. 상단 [<] 버튼 클릭

[Mweb]
3. 작품 클릭
4. 상단 [<] 버튼 클릭","1. Wait until Free 탭으로 진입된다.
2. 아래 작품이 노출된다.
ㄴ 위 작품 연동 케이스에서 기다무 사용했던 Comic, Novel 작품
3. 뷰어 회차로 진입된다.
4. Wait until Free 화면으로 복귀된다.

[Mweb]
3. 작품홈으로 진입된다.
4. Wait until Free 화면으로 복귀된다.",,공통,W,P0,,,,,
,173,보관함 ,Wait until Free,,,,,,"[PCW]
1. 탭 하단 [Comics] 버튼 클릭
2. [Novels] 버튼 클릭
3. [All] 버튼 클릭

[MW]
1. 우상단 필터 > [Comics] 버튼 클릭
2. 필터 > [Novels] 버튼 클릭
3. 필터 > [All] 버튼 클릭","1. Comics 작품리스트만 노출된다.
2. Novels 작품리스트만 노출된다.
3. 모든 작품 리스트가 노출된다.",,공통,W,P1,,,,,
,174,보관함 ,Wait until Free,,,,,Wait Until Free 작품 목록 없는 경우,"1. Comics 필터 클릭
2. Novels 필터 클릭
3. All 필터 클릭","1.안내문구가 노출된다.
2.안내문구가 노출된다.
3.안내문구가 노출된다.

목록 없을 때 안내 문구 
-타이틀: No timers running
-서브 타이틀: Series with unlock timers will appear here while you’re waiting.",,공통,W,P1,,,,,
,175,인박스,진입,,,,,,1. 대메뉴 > 하단 Inbox 클릭,"1. Inbox 화면의 첫 번째 탭으로 진입된다. (Gifts)
ㄴ Gifts 
ㄴ Messages
ㄴActivity",,공통,W,P0,,,,,
,176,인박스,Gifts,,,,,,"1. Get Gift Passes 영역 확인
2. 작품 정보 영역 확인
3. 작품 클릭
4. 작품 오른쪽의 [Get] 버튼 클릭
5. [Read] 버튼 클릭
6. 상단 [<] 버튼 클릭
7. Gifts 탭 새로고침 동작","1. Gift Pass가 있는 작품이 노출된다.
2. 작품 이미지, 작품BM, {작품명}, {작품 종류}, {n} Gift Pass(es)가 노출된다.
3. 해당 작품홈으로 이동된다.
4. [Get]버튼 > [Read]로 변경된다.
5. 해당 작품홈으로 이동된다.
6. Inbox > gift 화면으로 복귀된다.
7. [Read]로 노출된 작품 목록이 제거된다.",,공통,W,P0,,,,,
,177,인박스,Messages,,,,,,1. Inbox > Messages 탭 클릭,"1. Inbox 화면의 두 번째 탭으로 진입된다. (Messagess)
2. 신규 메세지가 있다면 메세지 썸네일 우측에 New 표시가 노출된다.",,공통,W,P0,,,,,
,178,인박스,Messages,,,,,,"1. Messages 영역 노출 확인
2. Messages 타입별 클릭","1. 수신된 Messages가 노출된다.
2. 설정된 랜딩페이지로 이동된다.
-에피소드 / 작품홈 / 메세지 / 컬렉션",,공통,W,P0,,,,,
,179,인박스,Messages,,,,,PCWeb only,1. Messages 탭 우측 상단 [Mark all as read] 버튼 클릭,1. Message New 표시 사라진다.,,공통,W,P1,NI,,NI,,
,180,인박스,Activity,,,,,수신된 내역 있는 경우,"1. Inbox > Activity 탭 클릭
2. Activity 타입별 클릭
3. [<] 백버튼 클릭
4.Activity 탭 우측 상단 [Mark all as read] 버튼 클릭
5.[Settings] 버튼 클릭
6.[<] 백버튼 클릭

[Mweb]
1. Inbox > Activity 탭 클릭","1. 수신된 Activity가 노출된다.
ㄴAll/Comments/Messages/Tapas/Series/Likes/Subs/Supportes 노출확인
ㄴ[Mark All Read] 버튼 노출 확인.
ㄴAll Activity / unread 필터 노출 확인
2. 설정된 랜딩페이지로 이동된다.
3.Activity 화면으로 복귀된다.
4.Message 채움 표시 사라진다
5.Settings로 진입된다.
6.Activity 화면으로 복귀된다.

[Mweb]
1. 수신된 Activity가 노출된다.
ㄴAll/Comments/Messages/Announcements/Series/Likes/Subscribers/Supporters 필터 노출 확인
",,공통,W,P0,,,,,
,181,인박스,Activity,,,,,수신된 내역 없는 경우,"1. Inbox > Activity 탭 클릭
3. Commets 필터 클릭
4. Messages 필터 클릭
5. Tapas 필터 클릭
6. Series 필터 클릭
7. Likes 필터 클릭
8. Subs 필터 클릭
9. Supporters 필터 클릭","1. No recent activity 문구가 노출된다. 
2. All 목록 없을 때 안내 문구 노출된다.
ㄴNo recent activity
ㄴComments, replies, and other updates will appear here.
3. Comments 목록없을때 안내문구 노출된다.
ㄴNo recent comments
4. Messages 목록없을때 안내문구 노출된다.
ㄴNo recent messages and posts
5. Tapas 목록없을때 안내문구 노출된다.
ㄴNo recent announcements
6. Series 목록없을때 안내문구 노출된다.
ㄴNo recent series and updates
7. Likes 목록없을때 안내문구 노출된다.
ㄴNo recent likes
8. Subs 목록없을때 안내문구 노출된다.
ㄴNo recent subscribers
9. Supporters 목록없을때 안내문구 노출된다.
ㄴNo recent supporters",,공통,W,P1,,,,,
,182,More,,,,,,,"1. GNB > More 클릭
2. More 영역 확인","1. 하위 메뉴 노출된다.
2. Help / Discord / Forums / Newsfeed / Contact / Merch shop 노출된다.",,공통,W,P0,,,,,
,183,More,Help,,,,,,"1. GNB > More 클릭
2. Help 클릭","1. 하위 메뉴 노출된다.
2. ""https://help.tapas.io/hc/en-us"" 새 창 노출된다.",,공통,W,P1,,,,,
,184,More,Discord,,,,,,"1. GNB > More 클릭
2. Discord 클릭","1. 하위 메뉴 노출된다.
2. ""https://discord.com/invite/tapas"" 새 창 노출된다.",,공통,W,P2,,,,,
,185,More,Forums,,,,,,"1. GNB > More 클릭
2. Forums 클릭","1. 하위 메뉴 노출된다.
2. ""https://forums.tapas.io/"" 새 창 노출 된다.",,공통,W,P1,,,,,
,186,More,Newsfeed,,,,,,"1. GNB > More 클릭
2. Newsfeed 클릭
3. 뉴스 리스트 클릭","1. 하위 메뉴 노출된다.
2. 뉴스 리스트가 노출된다.
3. 뉴스 상세화면으로 노출된다.",,공통,W,P0,,,,,
,187,More,Contact,,,,,,"1. GNB > More 클릭
2. Contact 클릭","1. 하위 메뉴 노출된다.
2. 메일 앱이 열린다.",,공통,W,P1,,,,,
,188,More,Merch shop,,,,,,"1. GNB > More 클릭
2. Merch Shop 클릭","1. 하위 메뉴 노출된다.
2. Merch shop 이동된다. ",,공통,W,P1,,,,,
,189,Profile,,,,,,로그인 상태,"1. GNB > Profile 클릭
2. Profile 영역 확인","1. 하위 메뉴 노출된다.
2. 프로필 이미지 / 닉네임 / 보유 잉크 / Inkshop / Redeem code / Settings / Logout 노출된다.

[Mweb]
1. 하위 메뉴 노출 된다.
2. 프로필 이미지 / 닉네임 / 보유 잉크 / Publish / Inkshop / Redeem code / Settings / Logout 노출된다.",,공통,W,P0,,,,,
,190,Profile,프로필 이미지,,,,,,"1. GNB > Profile 클릭
2. 프로필 이미지 클릭","1. 하위 메뉴 노출된다.
2. 유저 홈으로 이동된다.",,공통,W,P1,,,,,
,191,Profile,보유 잉크,,,,,,"1. GNB > Profile 클릭
2. 보유 잉크 영역 클릭
3. Ink 영역 확인","1. 하위 메뉴 노출된다.
2. Ink 탭 으로 이동된다.
- 하위 메뉴 Balance / Transactions / Supported 노출.
3. Buy Ink 버튼 / 보유 잉크 + 보너스 잉크 / 잉크 내역 / 서포트 내역 노출된다.

[Mweb]
1. 하위 메뉴 노출된다.
2. Ink 탭 으로 이동된다.
- 하위 메뉴 Ink balance / Transactions 노출.
3. Buy Ink 버튼 / 보유 잉크 + 보너스 잉크 / 잉크 내역 노출된다.",,공통,W,P1,,,,,
,192,Profile,Publish,,,,,Mweb only,"1. GNB > Profile 클릭
2. Publish 클릭","1. 하위 메뉴 노출된다.
2. ""https://www.creators.tapas.io"" 새 창 노출된다.",,공통,W,P1,,NI,,NI,
,193,Profile,Ink shop,진입,,,,,"1. GNB > Profile 클릭
2. Ink shop 클릭","1. 하위 메뉴 노출된다.
2. Ink shop 화면 노출된다.
- 보유 잉크량 / Buy 탭 / 잉크 티어별 노출 된다. ",,공통,W,P0,,,,,
,194,Profile,Ink shop,Buy,,,QA 환경 테스트 결제 카드 번호,,"1. 임의의 잉크 티어 클릭
2. 잉크 구매 동작 ","1. 잉크 구매 팝업이 노출된다.
2. 잉크가 구매 되며 현재 보유 잉크량이 추가된다.",,공통,W,P0,,,,,
,195,Profile,Redeem Code,,,,,리딤코드 정상 입력,"1. GNB > Profile 클릭
2. Redeem Code 클릭
3. 입력 필드 클릭 > 리딤코드 입력
4. Redeem 버튼 클릭
5. 뒤로가기 [<] 버튼 클릭","1. 하위 메뉴 노출된다.
2. Redeem Code 타이틀, 입력 필드, 안내문구, Contact CS, Redeem 버튼이 노출된다.
3. 코드 입력이 가능하다
- 가이드 문구 : Enter code
4. 입력한 리딤코드가 등록되며 리딤코드 화면은 유지된다.
-  토스트 : 
5. 홈 화면으로 이동된다.",,공통,W,P0,,,,,
,196,Profile,Redeem Code,,,,,리딤코드 오입력,"1. GNB > Profile 클릭
2. Redeem Code 클릭
3. 입력 필드 클릭 > 리딤코드 입력
4. Redeem 버튼 클릭
5. 뒤로가기 [<] 버튼 클릭","1. 하위 메뉴 노출된다.
2. Redeem Code 타이틀, 입력 필드, 안내문구, Contact CS, Redeem 버튼이 노출된다.
3. 코드 입력이 가능하다
- 가이드 문구 : Enter code
4. 입력한 리딤코드가 등록되지 않으며 리딤코드 화면은 유지된다.
-  토스트 : 
5. 홈 화면으로 이동된다.",,공통,W,P0,,,,,
,197,Profile,Redeem Code,Contact CS,,,,,"1. GNB > Profile 클릭
2. Redeem Code 클릭
3. [Contact CS] 텍스트 버튼 클릭
4. [닫기] 버튼 클릭
5. 뒤로가기 [<] 버튼 클릭","1. 하위 메뉴 노출된다.
2. Redeem Code 타이틀, 입력 필드, 안내문구, Contact CS, Redeem 버튼이 노출된다.
3. 디바이스 메일 앱이 열린다.
4. 메일 앱이 닫히며 리딤코드 화면 유지된다.
5. 홈 화면으로 이동된다.",,공통,W,P1,,,,,
,198,Profile,Settings,,,,,,"1. GNB > Profile 클릭
2. Settings 클릭
3. 하위 영역 확인.","1. 하위 메뉴 노출된다.
2. Settings 탭으로 이동된다.
3. Reading option / Personal information / Block Users / Log out all other sessions / Delete account 영역 노출된다.

[Mweb]
1. 하위 메뉴 노출된다.
2. Edit profile 탭으로 이동된다.
3. Reading option / Personal information / Delete account 영역 노출된다.",,공통,W,P0,,,,,
,199,Profile,로그아웃,,,,,,"1. GNB > Profile 클릭
2. Log out 클릭","1. 하위 메뉴 노출된다.
2. 로그아웃되며 홈 화면으로 이동된다.",,공통,W,P0,,,,,
,200,작품홈,회차 리스트,회차 열람 (기다무),기다무 사용 팝업,,,1. 기다무 회차인 경우,"1. 기다무 회차 클릭
2. Don't show again 영역 클릭
3. [Yes] 버튼 클릭
4. 뒤로가기 [<] 버튼 클릭
5. 뒤로가기 [<] 버튼 클릭 > 메인홈 다른 기다무 작품 클릭
6. 기다무 회차 클릭","1. 기다무 사용 팝업이 노출된다.
2. 해당 영역에 버튼이 활성화 된다.
3. 뷰어로 진입된다.
4. 작품홈으로 복귀한다
5. 다른 기다무 작품홈으로 이동된다.
6. 기다무 사용 팝업 없이 진입된다.",,공통,W,P0,,,,,
,201,작품홈,회차 리스트,회차 구매 팝업,,,,"1. 유료 회차인 경우
2.회차 금액 > 보유 잉크","1. 유료 회차 클릭
2. 회차 구매 옵션 클릭
3.  뒤로가기/[X] 버튼 클릭 ","1. 회차 구매 팝업이 노출된다.
2. 잉크샵으로 팝업이 노출된다.
3. 팝업이 종료되며 작품홈에 머무른다.
[MWeb]
2. 잉크샵 페이지로 이동한다.
3. 작품홈으로 복귀한다.",,공통,W,P0,,,,,
,202,작품홈,회차 리스트,이용권 사용 팝업,,,,"1. 이용권 사용하는 경우
2. Gift > 이용권 작품 수령한 경우",1. 이용권 사용 가능한 유료회차 클릭,"1. 토스트 팝업이 노출되며 뷰어로 진입된다.
ㄴ 토스트 : Episode unlocked",,공통,W,P0,,,,,
,203,뷰어,하단 툴바,이전 회차 이동,,,,"1. 이전회차 : 기다무 회차
2. 기다무 이용권 있음","1. 뷰어 하단 툴바 > [이전회차] 버튼 클릭
2. [Unlock Episode] 버튼 클릭
3. [Yes] 버튼 클릭","1. 회차 언락 안내 화면이 노출된다.
2. 기다무 이용권 사용 안내 팝업이 노출된다.
3.  기다무 이용권이 차감되며 이전회차로 이동된다.
 ㄴ 토스트 : Episode unlocked for 72 hours",,공통,W,P0,,,,,
,204,뷰어,하단 툴바,이전 회차 이동,,,,"1. 이전회차 : 유료회차 
2. 대여 이용권 있음","1. 뷰어 하단 툴바 > [이전회차] 버튼 클릭
2. [Unlock Episode] 버튼 클릭","1. 회차 언락 안내 화면이 노출된다.
2. 대여 이용권이 자동으로 차감되며 이전회차로 이동된다.
 ㄴ 토스트 : Episode unlocked for 72 hours",,공통,W,P0,,,,,
,205,뷰어,하단 툴바,이전 회차 이동,,,,"1. 이전회차 : 유료회차 
2. 선물 이용권 있음","1. 뷰어 하단 툴바 > [이전회차] 버튼 클릭
2. [Unlock Episode] 버튼 클릭","1. 회차 언락 안내 화면이 노출된다.
2. 선물 이용권이 자동으로 차감되며 이전회차로 이동된다.
 ㄴ 토스트 : Episode unlocked",,공통,W,P0,,,,,
,206,뷰어,하단 툴바,이전 회차 이동,,,,"1. 이전회차 : 유료회차 
2. 보유 이용권 없음
3. 보유 잉크 >= 회차 금액","1. 뷰어 하단 툴바 > [이전회차] 버튼 클릭
2. [Unlock Episode] 버튼 클릭
3. 회차 구매 옵션 클릭","1. 회차 언락 안내 화면이 노출된다. 
2. 회차 구매 팝업이 노출된다.
3. 회차가 구매되며 이전회차로 이동된다.
 ㄴ 토스트 : Episode unlocked",,공통,W,P0,,,,,
,207,뷰어,하단 툴바,이전 회차 이동,,,,"1. 이전회차 : 유료회차 
2. 보유 이용권 없음
3. 보유 잉크 < 회차 금액","1. 뷰어 하단 툴바 > [이전회차] 버튼 클릭
2. [Unlock Episode] 버튼 클릭
3. 회차 구매 옵션 클릭
4. 뒤로가기/[X] 버튼 클릭","1. 회차 언락 안내 화면이 노출된다. 
2. 회차 구매 팝업이 노출된다.
3. 잉크샵이 팝업 형태로 노출된다.
4. 잉크샵 팝업이 종료되며 뷰어에 머무른다.
[MWeb]
3. 잉크샵 페이지로 이동한다.
4. 뷰어로 복귀한다.",,공통,W,P0,,,,,
,208,뷰어,하단 툴바,다음 회차 이동,,,,"1. 다음회차 : 기다무 회차
2. 기다무 이용권 있음","1. 뷰어 하단 툴바 > [다음회차] 버튼 클릭
2. [Unlock Episode] 버튼 클릭
3. [Yes] 버튼 클릭","1. 회차 언락 안내 화면이 노출된다.
2. 기다무 이용권 사용 안내 팝업이 노출된다.
3.  기다무 이용권이 차감되며 다음회차로 이동된다.
 ㄴ 토스트 : Episode unlocked for 72 hours",,공통,W,P0,,,,,
,209,뷰어,하단 툴바,다음 회차 이동,,,,"1. 다음회차 : 유료회차 
2. 대여 이용권 있음","1. 뷰어 하단 툴바 > [다음회차] 버튼 클릭
2. [Unlock Episode] 버튼 클릭","1. 회차 언락 안내 화면이 노출된다.
2. 대여 이용권이 자동으로 차감되며 다음회차로 이동된다.
 ㄴ 토스트 : Episode unlocked for 72 hours",,공통,W,P0,,,,,
,210,뷰어,하단 툴바,다음 회차 이동,,,,"1. 다음회차 : 유료회차 
2. 선물 이용권 있음","1. 뷰어 하단 툴바 > [다음회차] 버튼 클릭
2. [Unlock Episode] 버튼 클릭","1. 회차 언락 안내 화면이 노출된다.
2. 선물 이용권이 자동으로 차감되며 다음회차로 이동된다.
 ㄴ 토스트 : Episode unlocked",,공통,W,P0,,,,,
,211,뷰어,하단 툴바,다음 회차 이동,,,,"1. 다음회차 : 유료회차 
2. 보유 이용권 없음
3. 보유 잉크 >= 회차 금액","1. 뷰어 하단 툴바 > [다음회차] 버튼 클릭
2. [Unlock Episode] 버튼 클릭
3. 회차 구매 옵션 클릭","1. 회차 언락 안내 화면이 노출된다. 
2. 회차 구매 팝업이 노출된다.
3. 회차가 구매되며 이전회차로 이동된다.
 ㄴ 토스트 : Episode unlocked",,공통,W,P0,,,,,
,212,뷰어,하단 툴바,다음 회차 이동,,,,"1. 다음회차 : 유료회차 
2. 보유 이용권 없음
3. 보유 잉크 < 회차 금액","1. 뷰어 하단 툴바 > [다음회차] 버튼 클릭
2. [Unlock Episode] 버튼 클릭
3. 회차 구매 옵션클릭
4. 뒤로가기 / [X] 버튼 클릭
5. 뒤로가기 버튼 클릭
6. 뒤로가기 버튼 클릭","1. 회차 언락 안내 화면이 노출된다. 
2. 회차 구매 팝업이 노출된다.
3. 잉크샵 팝업이 노출된다.
[MWeb]
3. 잉크샵 페이지로 이동한다.
----
4. 뷰어로 이동된다.
5. 작품홈으로 이동된다.
6. 홈화면으로 이동된다.",,공통,W,P0,,,,,